               epoch,      train/box_loss,      train/obj_loss,      train/cls_loss,   metrics/precision,      metrics/recall,     metrics/mAP_0.5,metrics/mAP_0.5:0.95,        val/box_loss,        val/obj_loss,        val/cls_loss,               x/lr0,               x/lr1,               x/lr2
                   0,             0.11337,            0.013403,            0.075912,           0.0049554,             0.47619,            0.011959,           0.0015163,            0.040377,           0.0056698,             0.02378,              0.0982,              0.0002,              0.0002
                   1,             0.11159,            0.013494,            0.074536,            0.005178,             0.45489,           0.0093969,           0.0014017,            0.039447,           0.0058353,            0.023553,            0.095499,          0.00049901,          0.00049901
                   2,             0.11084,            0.016343,            0.074138,           0.0063022,             0.50501,            0.013952,           0.0017327,            0.037756,           0.0061798,            0.023262,            0.092797,          0.00079683,          0.00079683
                   3,              0.1011,            0.016556,            0.070212,              0.0057,             0.45489,            0.027275,           0.0035899,            0.035348,           0.0067496,            0.022886,            0.090093,           0.0010935,           0.0010935
                   4,            0.088939,            0.023821,            0.066313,           0.0082625,             0.56266,            0.026325,           0.0040798,            0.031716,           0.0075469,            0.022399,            0.087389,           0.0013889,           0.0013889
                   5,            0.078496,            0.022781,             0.06142,            0.015322,             0.97619,             0.15426,            0.031464,            0.028121,           0.0082169,            0.021725,            0.084683,           0.0016832,           0.0016832
                   6,            0.073612,            0.021242,            0.057549,            0.012681,                   1,             0.34437,            0.076251,             0.02583,           0.0085937,            0.020687,            0.081976,           0.0019762,           0.0019762
                   7,            0.074602,             0.02542,            0.053034,             0.01079,                   1,             0.32092,            0.094642,            0.024935,           0.0086151,            0.019721,            0.079268,           0.0022681,           0.0022681
                   8,            0.074451,            0.023978,             0.05229,            0.010681,                   1,             0.23576,            0.072371,            0.023989,           0.0085679,            0.018592,            0.076559,           0.0025588,           0.0025588
                   9,             0.06987,            0.022514,            0.047632,            0.010072,                   1,             0.11242,            0.039251,            0.024598,            0.008265,            0.017496,            0.073848,           0.0028483,           0.0028483
                  10,            0.065654,            0.023419,            0.042753,           0.0091687,                   1,            0.067487,            0.024576,            0.024624,           0.0079403,            0.015266,            0.071137,           0.0031366,           0.0031366
                  11,            0.067076,            0.019784,            0.041388,             0.14879,             0.50501,             0.23335,             0.10412,            0.020735,           0.0083699,            0.014059,            0.068424,           0.0034238,           0.0034238
                  12,             0.06381,            0.019943,            0.039216,              0.2307,             0.50501,             0.40362,             0.16211,            0.022713,           0.0080078,            0.013349,             0.06571,           0.0037097,           0.0037097
                  13,            0.062443,            0.018333,            0.037958,             0.17436,             0.86842,              0.2264,            0.094385,            0.020279,           0.0083733,            0.012707,            0.062994,           0.0039945,           0.0039945
                  14,             0.06573,            0.021353,            0.036796,              0.3332,             0.97368,             0.45896,             0.18394,            0.020445,           0.0085533,            0.012659,            0.060278,            0.004278,            0.004278
                  15,            0.055655,            0.017206,            0.032144,              0.2341,             0.90226,             0.35832,             0.10944,            0.023827,           0.0084906,            0.012941,             0.05756,           0.0045604,           0.0045604
                  16,            0.069705,            0.016905,            0.035094,             0.10118,             0.80201,             0.15344,            0.048898,            0.027157,           0.0089135,            0.012931,            0.054842,           0.0048416,           0.0048416
                  17,            0.071075,            0.017798,             0.03405,             0.10936,             0.71178,             0.30652,            0.069047,            0.024645,           0.0092487,            0.012818,            0.052122,           0.0051216,           0.0051216
                  18,            0.067305,            0.015013,            0.035291,             0.19363,             0.90005,             0.30054,            0.094719,            0.024254,           0.0099013,            0.012685,              0.0494,           0.0054004,           0.0054004
                  19,            0.067456,            0.017257,            0.032872,             0.27738,             0.66165,             0.52521,             0.17862,              0.0238,             0.01025,            0.012863,            0.046678,            0.005678,            0.005678
                  20,            0.059619,            0.015558,             0.03244,             0.32001,             0.68546,             0.45421,             0.15135,            0.028891,            0.010563,            0.012555,            0.043954,           0.0059545,           0.0059545
                  21,            0.062963,            0.014629,            0.030275,              0.3856,              0.7782,             0.57002,             0.22332,            0.024899,            0.011155,            0.012545,             0.04123,           0.0062297,           0.0062297
                  22,            0.064586,            0.013703,            0.031053,             0.29045,             0.87093,             0.42795,             0.16494,             0.02237,            0.010715,            0.011952,            0.038504,           0.0065038,           0.0065038
                  23,            0.063511,            0.018319,            0.032208,             0.19881,             0.29547,             0.31944,            0.071678,            0.028096,            0.010456,            0.011806,            0.035777,           0.0067767,           0.0067767
                  24,            0.071013,            0.013708,            0.033954,             0.17709,             0.97368,             0.35205,             0.12944,            0.025622,           0.0091976,            0.011462,            0.033048,           0.0070484,           0.0070484
                  25,            0.056939,            0.016783,            0.033891,             0.24227,             0.89474,             0.31404,             0.13567,             0.02531,           0.0087451,            0.011177,            0.030319,           0.0073188,           0.0073188
                  26,            0.068132,            0.018023,            0.032727,             0.24688,             0.94479,             0.42722,             0.16932,            0.024426,           0.0079101,            0.011044,            0.027588,           0.0075882,           0.0075882
                  27,            0.060717,            0.013341,            0.031018,             0.17852,             0.94737,              0.2792,             0.10595,            0.026923,            0.007231,            0.010862,            0.024856,           0.0078563,           0.0078563
                  28,             0.06231,            0.011945,            0.028982,             0.23282,             0.92105,             0.35748,            0.095452,            0.019622,           0.0077568,            0.010671,            0.022123,           0.0081232,           0.0081232
                  29,            0.058453,            0.017018,            0.033016,              0.2286,             0.65789,             0.25781,            0.069296,            0.024721,           0.0085418,            0.010781,            0.019389,            0.008389,            0.008389
                  30,            0.066559,            0.013789,            0.031796,             0.21457,             0.51378,             0.39847,             0.17155,            0.022509,           0.0096233,            0.010823,            0.016654,           0.0086535,           0.0086535
                  31,            0.069088,            0.012754,            0.031761,            0.090924,             0.94737,             0.12048,            0.047174,            0.027645,           0.0097611,            0.010768,            0.013917,           0.0089169,           0.0089169
                  32,            0.060311,            0.016942,            0.031744,             0.39364,             0.77558,             0.44677,             0.21777,            0.019911,            0.010049,            0.010622,            0.011179,           0.0091791,           0.0091791
                  33,            0.058483,            0.013983,              0.0317,              0.1777,             0.63851,             0.16834,            0.057674,            0.023973,           0.0095348,            0.010652,           0.0093466,           0.0093466,           0.0093466
                  34,             0.06202,            0.013767,            0.032914,              0.4105,              0.8256,             0.50907,             0.22828,            0.016808,           0.0092306,            0.010519,           0.0093466,           0.0093466,           0.0093466
                  35,            0.052373,            0.012278,            0.031602,             0.44005,             0.79198,             0.52036,            0.099151,            0.028676,            0.008234,            0.010613,           0.0093268,           0.0093268,           0.0093268
                  36,            0.061233,            0.013808,            0.029752,             0.40157,             0.79812,             0.46544,             0.17901,            0.019249,           0.0077717,            0.010489,            0.009307,            0.009307,            0.009307
                  37,            0.058636,             0.01487,            0.030287,             0.23116,             0.76566,             0.33437,             0.13005,            0.020335,           0.0066577,            0.010415,           0.0092872,           0.0092872,           0.0092872
                  38,             0.04848,             0.01313,            0.025952,             0.36917,             0.68818,              0.4706,             0.25229,            0.020886,           0.0063775,            0.010619,           0.0092674,           0.0092674,           0.0092674
                  39,            0.057502,            0.014391,            0.029092,             0.45577,             0.82575,             0.61383,             0.15566,            0.022534,           0.0054811,            0.010596,           0.0092476,           0.0092476,           0.0092476
                  40,            0.063403,            0.012593,            0.028284,             0.45472,             0.82331,             0.64941,             0.26346,            0.016715,           0.0061111,            0.010136,           0.0092278,           0.0092278,           0.0092278
                  41,             0.05198,            0.014163,            0.029139,             0.44902,             0.85831,             0.70735,             0.32618,            0.020096,           0.0055379,           0.0098766,            0.009208,            0.009208,            0.009208
                  42,            0.054517,            0.012653,            0.028118,             0.39794,             0.77444,             0.54199,             0.16853,            0.019676,           0.0055237,           0.0094713,           0.0091882,           0.0091882,           0.0091882
                  43,            0.049365,            0.013935,            0.026704,             0.61145,             0.89474,             0.88207,             0.30624,            0.016883,           0.0053772,           0.0090466,           0.0091684,           0.0091684,           0.0091684
                  44,            0.047271,            0.012937,            0.028837,             0.50524,             0.76566,             0.71931,             0.32663,            0.018524,           0.0054748,           0.0087904,           0.0091486,           0.0091486,           0.0091486
                  45,            0.058523,             0.01467,            0.024105,             0.81036,             0.79198,             0.88342,             0.36378,            0.013884,           0.0049109,           0.0081614,           0.0091288,           0.0091288,           0.0091288
                  46,            0.040221,             0.01145,            0.022354,             0.29618,             0.94737,             0.54577,             0.19695,            0.022834,           0.0051533,            0.007769,            0.009109,            0.009109,            0.009109
                  47,            0.064486,            0.011223,            0.024423,             0.69054,             0.84211,             0.88627,             0.56062,            0.016747,           0.0046757,           0.0068011,           0.0090892,           0.0090892,           0.0090892
                  48,            0.048588,            0.015369,            0.019836,             0.45088,             0.94737,             0.67463,             0.28615,            0.017737,           0.0046915,           0.0064898,           0.0090694,           0.0090694,           0.0090694
                  49,            0.056586,            0.015292,            0.020659,             0.76262,             0.80258,              0.9101,             0.46545,            0.013097,           0.0045686,           0.0065677,           0.0090496,           0.0090496,           0.0090496
                  50,            0.043607,            0.014286,            0.019202,             0.77102,              0.7387,             0.86286,             0.41673,            0.019418,           0.0051874,           0.0056225,           0.0090298,           0.0090298,           0.0090298
                  51,            0.048689,            0.012833,            0.018359,             0.83818,             0.92607,             0.94058,             0.44541,            0.014542,           0.0060765,           0.0047308,             0.00901,             0.00901,             0.00901
                  52,            0.041827,            0.012046,            0.022751,             0.62691,             0.82832,             0.83494,             0.33768,             0.01981,           0.0066094,           0.0045816,           0.0089902,           0.0089902,           0.0089902
                  53,            0.051765,             0.01123,            0.017313,             0.87071,             0.89899,             0.97463,             0.62931,            0.013352,           0.0064061,           0.0042939,           0.0089704,           0.0089704,           0.0089704
                  54,            0.039832,            0.011748,            0.017295,                0.74,              0.8574,             0.80555,             0.37407,            0.013755,           0.0060462,            0.004182,           0.0089506,           0.0089506,           0.0089506
                  55,             0.05133,            0.014053,            0.015771,              0.8747,             0.82338,             0.88517,             0.38531,            0.016709,           0.0062929,           0.0038116,           0.0089308,           0.0089308,           0.0089308
                  56,            0.046738,            0.010291,            0.015523,             0.76276,             0.89975,             0.90707,             0.46479,             0.01715,           0.0059125,           0.0032522,            0.008911,            0.008911,            0.008911
                  57,            0.044936,            0.011537,            0.014598,             0.79414,             0.82155,             0.92391,              0.5174,            0.012063,           0.0061778,           0.0041569,           0.0088912,           0.0088912,           0.0088912
                  58,            0.042042,            0.012342,            0.018648,             0.68228,             0.81096,             0.92018,             0.49536,            0.017934,           0.0066288,           0.0036405,           0.0088714,           0.0088714,           0.0088714
                  59,            0.052454,            0.010316,            0.013567,             0.98772,             0.93026,             0.98605,              0.5103,            0.015368,           0.0058068,           0.0030188,           0.0088516,           0.0088516,           0.0088516
                  60,             0.04255,            0.012867,            0.012476,             0.72442,             0.73308,             0.81015,             0.42707,            0.014266,           0.0054577,           0.0048881,           0.0088318,           0.0088318,           0.0088318
                  61,            0.048768,           0.0092766,            0.011681,             0.35927,             0.74837,             0.70586,             0.30467,            0.022986,           0.0044109,           0.0086704,            0.008812,            0.008812,            0.008812
                  62,            0.052275,            0.011833,            0.012583,             0.36734,             0.85464,             0.70195,             0.34915,            0.016132,           0.0047891,           0.0096626,           0.0087922,           0.0087922,           0.0087922
                  63,            0.041613,             0.00796,            0.011915,             0.48907,             0.52519,             0.57438,             0.31259,            0.016776,           0.0054429,            0.011838,           0.0087724,           0.0087724,           0.0087724
                  64,            0.041343,            0.014035,            0.012074,             0.41355,             0.80702,             0.61259,              0.3252,            0.014534,           0.0040832,            0.011394,           0.0087526,           0.0087526,           0.0087526
                  65,             0.04095,            0.010018,            0.019892,             0.43211,             0.94506,              0.6026,             0.22956,            0.014911,           0.0038329,            0.013388,           0.0087328,           0.0087328,           0.0087328
                  66,            0.038918,            0.011777,            0.015403,             0.33021,             0.85714,             0.47369,              0.2838,            0.013151,           0.0050624,            0.013936,            0.008713,            0.008713,            0.008713
                  67,             0.04729,            0.011973,            0.014618,             0.31847,             0.61905,             0.48773,             0.18063,            0.014989,           0.0051924,             0.01558,           0.0086932,           0.0086932,           0.0086932
                  68,             0.04682,            0.013613,            0.014672,              0.3449,             0.59921,             0.51485,             0.26517,            0.012733,           0.0056748,            0.015684,           0.0086734,           0.0086734,           0.0086734
                  69,            0.041348,            0.010815,            0.011422,             0.21115,                 0.5,              0.5533,             0.28621,             0.01482,           0.0056748,            0.016005,           0.0086536,           0.0086536,           0.0086536
                  70,            0.044412,            0.013717,            0.011245,             0.86728,             0.36842,             0.69919,             0.26932,            0.014275,            0.005906,            0.016501,           0.0086338,           0.0086338,           0.0086338
                  71,             0.04792,            0.010222,              0.0138,             0.87903,             0.31579,             0.69252,             0.34715,             0.01361,           0.0062654,            0.017107,            0.008614,            0.008614,            0.008614
                  72,            0.043426,           0.0077898,           0.0088852,             0.64071,             0.36842,             0.31031,             0.18061,            0.015726,           0.0064216,            0.017438,           0.0085942,           0.0085942,           0.0085942
                  73,            0.045964,            0.012788,            0.013709,             0.77188,             0.26316,             0.48681,             0.18421,            0.016891,           0.0056135,            0.015953,           0.0085744,           0.0085744,           0.0085744
                  74,            0.039303,           0.0083438,            0.011456,             0.75112,             0.34211,             0.36143,             0.19198,            0.014988,           0.0066455,            0.016031,           0.0085546,           0.0085546,           0.0085546
                  75,            0.037063,            0.010035,           0.0098113,             0.29027,             0.54511,             0.48418,             0.19734,            0.017841,           0.0056605,            0.015564,           0.0085348,           0.0085348,           0.0085348
                  76,            0.050521,            0.011898,            0.017663,             0.40908,             0.57899,             0.56854,             0.34637,            0.012659,           0.0059268,            0.014121,            0.008515,            0.008515,            0.008515
                  77,             0.03988,              0.0132,           0.0090333,             0.51906,              0.7594,             0.70221,             0.35614,            0.013148,           0.0051118,             0.01084,           0.0084952,           0.0084952,           0.0084952
                  78,            0.041151,            0.011289,           0.0096937,             0.59658,             0.90174,             0.73445,             0.39132,            0.011682,           0.0049796,           0.0069195,           0.0084754,           0.0084754,           0.0084754
                  79,            0.037449,            0.011444,            0.010832,             0.93367,             0.80841,             0.93992,             0.55259,            0.011251,           0.0045889,           0.0045249,           0.0084556,           0.0084556,           0.0084556
                  80,            0.042246,           0.0094767,           0.0087288,             0.95143,             0.62182,             0.81693,             0.50824,            0.011279,           0.0048839,           0.0045573,           0.0084358,           0.0084358,           0.0084358
                  81,            0.035266,           0.0099167,            0.010325,             0.74872,             0.78997,              0.8447,             0.39616,            0.015243,           0.0049551,           0.0046611,            0.008416,            0.008416,            0.008416
                  82,             0.03832,           0.0082815,           0.0072463,             0.89994,             0.69674,             0.86739,             0.47397,            0.011823,           0.0049758,           0.0043741,           0.0083962,           0.0083962,           0.0083962
                  83,             0.03163,           0.0087731,           0.0077367,             0.85502,             0.91487,             0.93954,             0.68264,            0.010547,           0.0051817,           0.0026167,           0.0083764,           0.0083764,           0.0083764
                  84,            0.037417,           0.0098493,            0.010351,             0.97411,             0.96789,             0.98698,             0.63721,           0.0099553,           0.0056483,           0.0019585,           0.0083566,           0.0083566,           0.0083566
                  85,            0.032728,           0.0098758,            0.011312,             0.94012,             0.88095,             0.97367,             0.52909,            0.013102,           0.0057828,           0.0019868,           0.0083368,           0.0083368,           0.0083368
                  86,             0.04208,            0.010148,            0.017559,             0.72366,             0.97619,             0.91394,             0.56147,             0.01153,           0.0057555,           0.0021599,            0.008317,            0.008317,            0.008317
                  87,            0.039955,           0.0085433,             0.02028,             0.88484,                   1,              0.9845,             0.65826,            0.010057,           0.0051916,            0.002196,           0.0082972,           0.0082972,           0.0082972
                  88,             0.03828,            0.010954,           0.0094891,             0.74499,                   1,             0.93597,             0.67441,            0.010191,           0.0051504,           0.0022345,           0.0082774,           0.0082774,           0.0082774
                  89,            0.037955,            0.011102,            0.011531,             0.71962,             0.92906,             0.81018,             0.65804,            0.011848,           0.0049291,           0.0022556,           0.0082576,           0.0082576,           0.0082576
                  90,            0.038971,           0.0090815,             0.01483,             0.80423,              0.9618,             0.89766,             0.63195,             0.01031,           0.0045898,           0.0022714,           0.0082378,           0.0082378,           0.0082378
                  91,            0.037821,           0.0085121,           0.0097596,             0.95279,             0.97959,               0.995,               0.609,            0.010442,           0.0048912,            0.002384,            0.008218,            0.008218,            0.008218
                  92,            0.036576,            0.010867,            0.010845,              0.5223,             0.97619,              0.7905,             0.51687,           0.0097212,           0.0047177,           0.0025324,           0.0081982,           0.0081982,           0.0081982
                  93,            0.033977,             0.01088,            0.012272,             0.98165,              0.9905,               0.995,             0.60398,            0.011141,           0.0046546,           0.0022937,           0.0081784,           0.0081784,           0.0081784
                  94,             0.03574,            0.010415,            0.010487,             0.98453,                   1,               0.995,             0.60513,            0.010317,           0.0043392,           0.0020732,           0.0081586,           0.0081586,           0.0081586
                  95,            0.035653,           0.0095967,           0.0097348,             0.99075,                   1,               0.995,              0.5902,           0.0098606,           0.0040505,            0.001922,           0.0081388,           0.0081388,           0.0081388
                  96,            0.033098,           0.0096098,           0.0081688,             0.75123,              0.9663,             0.95176,              0.6574,            0.012152,           0.0041395,           0.0017882,            0.008119,            0.008119,            0.008119
                  97,            0.040049,            0.010194,            0.009391,             0.98732,                   1,               0.995,             0.60692,           0.0099278,           0.0036351,           0.0017291,           0.0080992,           0.0080992,           0.0080992
                  98,            0.030694,           0.0079886,           0.0073115,             0.95819,                   1,             0.99295,             0.67731,            0.010764,           0.0040951,           0.0017388,           0.0080794,           0.0080794,           0.0080794
                  99,            0.034864,            0.010852,           0.0073301,             0.98705,                   1,               0.995,             0.46591,            0.014239,           0.0037477,           0.0016966,           0.0080596,           0.0080596,           0.0080596
                 100,            0.036154,           0.0088336,           0.0083784,             0.98653,                   1,               0.995,             0.77472,            0.009763,           0.0036748,           0.0018057,           0.0080398,           0.0080398,           0.0080398
                 101,            0.041824,           0.0094882,            0.010804,             0.99184,                   1,               0.995,             0.74722,           0.0082078,           0.0031482,           0.0017173,             0.00802,             0.00802,             0.00802
                 102,            0.029396,           0.0096691,           0.0087176,             0.99694,             0.99234,               0.995,             0.62556,             0.01155,           0.0031323,           0.0018547,           0.0080002,           0.0080002,           0.0080002
                 103,            0.033295,           0.0089611,           0.0067286,             0.99214,                   1,               0.995,             0.64019,            0.009255,           0.0030262,           0.0017826,           0.0079804,           0.0079804,           0.0079804
                 104,            0.037698,            0.010293,           0.0075374,             0.96406,                   1,               0.995,             0.53768,            0.011276,           0.0033798,           0.0017801,           0.0079606,           0.0079606,           0.0079606
                 105,            0.034336,           0.0087567,            0.007838,             0.97732,             0.99743,               0.995,              0.6545,            0.012403,             0.00319,           0.0017943,           0.0079408,           0.0079408,           0.0079408
                 106,            0.035545,           0.0092067,           0.0088392,             0.91701,              0.9701,             0.99159,             0.57556,            0.011122,           0.0034884,           0.0019439,            0.007921,            0.007921,            0.007921
                 107,            0.043081,           0.0079616,           0.0063069,             0.97711,               0.993,               0.995,             0.70512,              0.0107,            0.003245,           0.0019212,           0.0079012,           0.0079012,           0.0079012
                 108,            0.031175,           0.0081035,           0.0061383,             0.98938,             0.99622,               0.995,             0.68286,           0.0095078,           0.0029978,           0.0017546,           0.0078814,           0.0078814,           0.0078814
                 109,            0.027144,           0.0085326,           0.0065543,             0.88926,                   1,             0.98458,             0.68885,            0.011151,           0.0029933,           0.0016735,           0.0078616,           0.0078616,           0.0078616
                 110,            0.035878,           0.0081209,           0.0092305,             0.77907,             0.97619,             0.92714,             0.54673,           0.0097612,           0.0030517,           0.0017331,           0.0078418,           0.0078418,           0.0078418
                 111,            0.034202,           0.0093724,           0.0055792,             0.97832,             0.98936,               0.995,             0.73932,           0.0087783,           0.0030321,            0.001879,            0.007822,            0.007822,            0.007822
                 112,            0.031075,            0.010334,           0.0073254,             0.82303,             0.92857,             0.95827,             0.60902,           0.0098434,           0.0033637,           0.0028364,           0.0078022,           0.0078022,           0.0078022
                 113,            0.031194,           0.0086862,           0.0074763,             0.95632,             0.92857,             0.97324,              0.6705,           0.0090811,           0.0033449,           0.0036721,           0.0077824,           0.0077824,           0.0077824
                 114,            0.032084,           0.0079518,           0.0070696,             0.88338,             0.90465,             0.95612,             0.63621,           0.0079089,           0.0034563,           0.0059662,           0.0077626,           0.0077626,           0.0077626
                 115,            0.029481,           0.0070167,            0.011152,             0.74685,             0.86449,             0.85602,             0.53142,           0.0098968,           0.0035801,           0.0057214,           0.0077428,           0.0077428,           0.0077428
                 116,             0.03397,            0.008455,           0.0078717,             0.91575,             0.91912,             0.93715,             0.62973,            0.009825,           0.0033912,           0.0047648,            0.007723,            0.007723,            0.007723
                 117,            0.031441,           0.0095003,           0.0077583,              0.9922,              0.9793,               0.995,             0.62363,           0.0084967,           0.0029424,           0.0020306,           0.0077032,           0.0077032,           0.0077032
                 118,            0.032347,           0.0083517,           0.0095238,             0.99233,                   1,               0.995,             0.70717,           0.0091076,            0.002727,           0.0017299,           0.0076834,           0.0076834,           0.0076834
                 119,            0.030808,           0.0058048,           0.0086693,             0.91063,             0.97619,             0.98667,             0.70142,           0.0091118,           0.0025685,           0.0018044,           0.0076636,           0.0076636,           0.0076636
                 120,            0.031234,             0.01077,            0.010315,             0.98666,                   1,               0.995,             0.65307,            0.009135,           0.0026035,             0.00186,           0.0076438,           0.0076438,           0.0076438
                 121,            0.035674,           0.0081868,           0.0086472,             0.99401,                   1,               0.995,             0.77792,           0.0070556,           0.0026867,           0.0019601,            0.007624,            0.007624,            0.007624
                 122,            0.026807,           0.0076926,           0.0095696,             0.99464,                   1,               0.995,             0.71293,            0.010749,           0.0025989,           0.0018089,           0.0076042,           0.0076042,           0.0076042
                 123,            0.034661,           0.0085585,           0.0073639,             0.99338,                   1,               0.995,             0.69619,           0.0082845,            0.002645,           0.0017736,           0.0075844,           0.0075844,           0.0075844
                 124,            0.030027,            0.010001,           0.0084568,              0.9932,                   1,               0.995,             0.68749,            0.011839,           0.0028342,           0.0016687,           0.0075646,           0.0075646,           0.0075646
                 125,            0.032749,           0.0089638,           0.0081174,             0.99156,                   1,               0.995,             0.73989,           0.0072146,           0.0028025,           0.0017226,           0.0075448,           0.0075448,           0.0075448
                 126,            0.024656,           0.0081818,            0.006392,             0.82754,             0.99369,              0.9925,             0.64129,           0.0098367,           0.0028188,           0.0016443,            0.007525,            0.007525,            0.007525
                 127,            0.033416,           0.0068558,           0.0067302,              0.9915,                   1,               0.995,             0.73735,           0.0089221,           0.0025764,           0.0016695,           0.0075052,           0.0075052,           0.0075052
                 128,            0.029062,           0.0093387,           0.0064685,             0.99566,                   1,               0.995,             0.62199,            0.010145,           0.0025693,           0.0015819,           0.0074854,           0.0074854,           0.0074854
                 129,             0.03403,           0.0082598,           0.0097508,             0.97336,                   1,               0.995,             0.69705,           0.0092007,           0.0024968,           0.0016131,           0.0074656,           0.0074656,           0.0074656
                 130,            0.029525,            0.010321,           0.0080506,             0.99636,                   1,               0.995,             0.65399,           0.0089705,           0.0024172,           0.0015568,           0.0074458,           0.0074458,           0.0074458
                 131,            0.030088,           0.0084496,           0.0099127,             0.99607,                   1,               0.995,             0.80417,            0.007499,           0.0024587,           0.0015787,            0.007426,            0.007426,            0.007426
                 132,            0.028928,           0.0070421,           0.0078241,             0.98503,             0.97368,             0.99159,              0.6507,            0.011654,           0.0026134,           0.0016322,           0.0074062,           0.0074062,           0.0074062
                 133,            0.028474,           0.0072606,           0.0055715,              0.9801,             0.99464,               0.995,             0.84255,           0.0066834,           0.0025204,           0.0018085,           0.0073864,           0.0073864,           0.0073864
                 134,            0.024161,           0.0071853,           0.0079711,             0.94327,             0.94737,             0.98735,             0.71141,            0.009809,           0.0028108,           0.0035213,           0.0073666,           0.0073666,           0.0073666
                 135,            0.033736,           0.0077839,            0.014373,             0.93515,             0.90699,             0.98617,             0.66379,           0.0087259,           0.0031796,            0.003232,           0.0073468,           0.0073468,           0.0073468
                 136,            0.030401,           0.0074614,           0.0080837,              0.9263,              0.9717,             0.99326,             0.57719,            0.010719,           0.0029014,           0.0017526,            0.007327,            0.007327,            0.007327
                 137,            0.031011,           0.0080791,           0.0061827,             0.99379,                   1,               0.995,             0.64641,           0.0078348,           0.0027132,           0.0014932,           0.0073072,           0.0073072,           0.0073072
                 138,            0.027166,            0.010473,           0.0070527,              0.9714,                   1,             0.99375,             0.78139,           0.0086787,           0.0027409,           0.0014133,           0.0072874,           0.0072874,           0.0072874
                 139,            0.031067,           0.0076251,           0.0067483,              0.9902,             0.99816,               0.995,             0.61926,           0.0081859,            0.002776,           0.0015455,           0.0072676,           0.0072676,           0.0072676
                 140,            0.029206,           0.0083438,           0.0084991,             0.98065,             0.99486,               0.995,             0.67913,           0.0082909,           0.0027757,           0.0017287,           0.0072478,           0.0072478,           0.0072478
                 141,            0.032631,            0.010248,           0.0061262,             0.98106,             0.99678,               0.995,             0.65524,           0.0081105,              0.0026,           0.0017056,            0.007228,            0.007228,            0.007228
                 142,            0.028224,           0.0087343,            0.006693,             0.86588,             0.99512,              0.9816,             0.69862,            0.010622,           0.0025697,           0.0017056,           0.0072082,           0.0072082,           0.0072082
                 143,            0.031301,           0.0087203,           0.0089205,              0.9878,             0.99666,               0.995,             0.71709,           0.0077098,           0.0023248,           0.0015677,           0.0071884,           0.0071884,           0.0071884
                 144,            0.024395,           0.0085174,           0.0067037,             0.99447,                   1,               0.995,             0.73935,           0.0082974,           0.0025048,           0.0015868,           0.0071686,           0.0071686,           0.0071686
                 145,            0.028473,           0.0074422,           0.0062348,             0.99426,                   1,               0.995,             0.59445,           0.0076856,           0.0024485,            0.001631,           0.0071488,           0.0071488,           0.0071488
                 146,            0.026175,           0.0066366,            0.008036,             0.99558,                   1,               0.995,             0.80594,           0.0070077,             0.00251,           0.0015536,            0.007129,            0.007129,            0.007129
                 147,            0.029717,           0.0065985,            0.009569,             0.99256,                   1,               0.995,             0.66153,            0.010886,           0.0025376,           0.0015511,           0.0071092,           0.0071092,           0.0071092
                 148,            0.033883,           0.0088984,           0.0065989,             0.99213,                   1,               0.995,              0.8069,           0.0075189,           0.0024349,           0.0015576,           0.0070894,           0.0070894,           0.0070894
                 149,            0.025623,           0.0057609,            0.005175,             0.99309,                   1,               0.995,             0.70936,           0.0095664,           0.0024279,           0.0015114,           0.0070696,           0.0070696,           0.0070696
                 150,            0.031924,           0.0087471,           0.0056405,             0.99177,             0.99996,               0.995,             0.70454,           0.0076204,           0.0023313,           0.0015803,           0.0070498,           0.0070498,           0.0070498
                 151,            0.028748,            0.008747,            0.006743,             0.98943,             0.99802,               0.995,             0.73166,           0.0086068,           0.0023469,           0.0016318,             0.00703,             0.00703,             0.00703
                 152,            0.031584,           0.0069343,            0.007628,             0.99579,             0.98085,               0.995,             0.64368,            0.008435,           0.0023467,           0.0018442,           0.0070102,           0.0070102,           0.0070102
                 153,            0.030783,            0.007138,           0.0088314,             0.99163,             0.99809,               0.995,             0.74875,           0.0067452,           0.0022932,           0.0016002,           0.0069904,           0.0069904,           0.0069904
                 154,             0.02321,           0.0071151,           0.0046411,             0.99463,             0.99872,               0.995,             0.64186,           0.0095899,           0.0025418,           0.0015815,           0.0069706,           0.0069706,           0.0069706
                 155,            0.030007,           0.0069873,           0.0058102,             0.99565,                   1,               0.995,             0.70435,           0.0066617,           0.0023103,           0.0014648,           0.0069508,           0.0069508,           0.0069508
                 156,            0.027128,           0.0093757,           0.0057782,             0.99656,             0.98217,               0.995,             0.77534,           0.0074431,           0.0023528,           0.0017963,            0.006931,            0.006931,            0.006931
                 157,            0.027267,           0.0073058,           0.0056747,             0.98042,             0.96574,                0.99,             0.70376,           0.0077018,           0.0023435,           0.0020501,           0.0069112,           0.0069112,           0.0069112
                 158,            0.026177,           0.0079626,           0.0048771,             0.98567,             0.92857,             0.98102,             0.70514,             0.00823,           0.0026583,           0.0021084,           0.0068914,           0.0068914,           0.0068914
                 159,            0.027049,           0.0075106,           0.0059245,             0.96623,             0.97619,               0.989,              0.7015,           0.0077353,           0.0026213,           0.0020233,           0.0068716,           0.0068716,           0.0068716
                 160,            0.026011,           0.0087693,           0.0053859,             0.98243,             0.97034,             0.99115,             0.60364,           0.0086799,           0.0025129,           0.0018579,           0.0068518,           0.0068518,           0.0068518
                 161,            0.031359,           0.0072124,            0.010877,             0.97748,             0.97058,             0.99409,             0.69663,           0.0093733,           0.0023389,           0.0018142,            0.006832,            0.006832,            0.006832
                 162,             0.02927,           0.0085051,           0.0049152,             0.98845,             0.97619,             0.98577,             0.69208,           0.0090022,           0.0023229,           0.0016954,           0.0068122,           0.0068122,           0.0068122
                 163,            0.031808,           0.0081364,           0.0046588,             0.99575,             0.98106,               0.995,             0.70552,           0.0088677,           0.0022612,           0.0015637,           0.0067924,           0.0067924,           0.0067924
                 164,            0.029472,           0.0075031,            0.011598,             0.98648,             0.99608,               0.995,              0.7297,           0.0075896,           0.0021485,           0.0015682,           0.0067726,           0.0067726,           0.0067726
                 165,            0.025293,            0.006686,           0.0059079,             0.99581,                   1,               0.995,             0.79231,           0.0067837,           0.0020325,           0.0013096,           0.0067528,           0.0067528,           0.0067528
                 166,            0.027234,           0.0084451,             0.01417,             0.99684,                   1,               0.995,             0.79263,           0.0074564,           0.0020634,           0.0013156,            0.006733,            0.006733,            0.006733
                 167,            0.027337,           0.0073512,           0.0054743,             0.99585,                   1,               0.995,              0.7086,           0.0071262,           0.0020944,           0.0012723,           0.0067132,           0.0067132,           0.0067132
                 168,            0.027688,            0.010652,           0.0080003,             0.99543,                   1,               0.995,             0.81842,           0.0066939,           0.0020784,           0.0012666,           0.0066934,           0.0066934,           0.0066934
                 169,             0.03056,           0.0078935,           0.0066672,             0.99532,                   1,               0.995,             0.67277,           0.0088935,           0.0022136,           0.0012334,           0.0066736,           0.0066736,           0.0066736
                 170,            0.027377,            0.008157,           0.0065316,             0.99418,                   1,               0.995,             0.82831,           0.0061201,           0.0021639,            0.001248,           0.0066538,           0.0066538,           0.0066538
                 171,            0.023367,            0.008838,           0.0070809,              0.9925,                   1,               0.995,             0.70509,           0.0080838,           0.0025894,           0.0012362,            0.006634,            0.006634,            0.006634
                 172,            0.027368,           0.0067526,           0.0098713,             0.99388,                   1,               0.995,             0.78406,           0.0069469,           0.0023633,           0.0013031,           0.0066142,           0.0066142,           0.0066142
                 173,            0.025651,           0.0099626,           0.0079264,             0.95444,              0.9932,             0.99326,             0.65584,           0.0084548,            0.002376,           0.0013744,           0.0065944,           0.0065944,           0.0065944
                 174,            0.029983,           0.0081704,           0.0073069,              0.9955,                   1,               0.995,             0.73416,           0.0069338,           0.0023661,           0.0014956,           0.0065746,           0.0065746,           0.0065746
                 175,            0.022693,           0.0068349,           0.0054087,             0.99573,                   1,               0.995,             0.74485,           0.0081944,           0.0023136,           0.0014729,           0.0065548,           0.0065548,           0.0065548
                 176,             0.02472,           0.0061138,           0.0044486,             0.99203,             0.99748,               0.995,             0.74649,           0.0073179,           0.0023751,           0.0015665,            0.006535,            0.006535,            0.006535
                 177,            0.024939,           0.0079944,           0.0068924,             0.99547,                   1,               0.995,             0.71954,           0.0070477,           0.0023622,           0.0015941,           0.0065152,           0.0065152,           0.0065152
                 178,            0.025572,           0.0090147,           0.0046126,              0.9716,                   1,              0.9885,             0.65426,           0.0081415,           0.0023969,           0.0016172,           0.0064954,           0.0064954,           0.0064954
                 179,            0.028326,           0.0090922,           0.0089936,             0.99296,                   1,               0.995,             0.74908,           0.0068008,           0.0024218,           0.0016885,           0.0064756,           0.0064756,           0.0064756
                 180,            0.021338,           0.0075759,           0.0049369,             0.99253,                   1,               0.995,             0.77424,           0.0080398,           0.0024438,           0.0016824,           0.0064558,           0.0064558,           0.0064558
                 181,             0.02591,           0.0074175,           0.0055027,             0.98983,                   1,               0.995,             0.61546,             0.00755,           0.0023809,           0.0015746,            0.006436,            0.006436,            0.006436
                 182,            0.027072,           0.0083296,           0.0057796,             0.98603,                   1,               0.995,             0.73469,            0.008045,           0.0027348,           0.0015957,           0.0064162,           0.0064162,           0.0064162
                 183,            0.030524,           0.0074037,            0.010697,             0.98086,                   1,               0.995,             0.75806,           0.0065348,           0.0025317,           0.0015215,           0.0063964,           0.0063964,           0.0063964
                 184,            0.029198,           0.0062935,           0.0089989,             0.95259,                   1,               0.995,             0.62295,             0.01041,           0.0026678,           0.0015248,           0.0063766,           0.0063766,           0.0063766
                 185,             0.02891,           0.0077432,           0.0090714,             0.94681,             0.97999,             0.99295,             0.64555,           0.0088939,           0.0027734,           0.0016067,           0.0063568,           0.0063568,           0.0063568
                 186,            0.023943,           0.0067948,             0.01376,             0.94559,             0.97889,             0.98969,             0.51195,            0.013017,           0.0027895,           0.0016342,            0.006337,            0.006337,            0.006337
                 187,            0.024787,           0.0064372,           0.0043673,             0.94903,             0.97681,             0.99068,             0.61491,            0.009166,           0.0027528,           0.0015884,           0.0063172,           0.0063172,           0.0063172
                 188,            0.031488,           0.0086227,           0.0064462,             0.94797,             0.98199,             0.98859,             0.52177,            0.012017,           0.0028581,           0.0015908,           0.0062974,           0.0062974,           0.0062974
                 189,            0.025031,           0.0077606,           0.0056156,             0.94946,             0.98331,             0.98517,             0.62266,            0.010205,           0.0029025,           0.0015783,           0.0062776,           0.0062776,           0.0062776
                 190,            0.026323,           0.0068376,           0.0073902,             0.95905,             0.98516,             0.98864,             0.54564,            0.011964,            0.002795,           0.0015495,           0.0062578,           0.0062578,           0.0062578
                 191,             0.02569,           0.0085077,           0.0055515,             0.96621,             0.98956,             0.99068,             0.64238,           0.0091455,           0.0027399,           0.0014761,            0.006238,            0.006238,            0.006238
                 192,            0.028866,           0.0072759,           0.0079577,             0.97871,             0.99459,               0.995,             0.54172,            0.012733,           0.0026798,           0.0014105,           0.0062182,           0.0062182,           0.0062182
                 193,            0.028041,           0.0088407,            0.010038,             0.99174,                   1,               0.995,              0.7535,           0.0072723,           0.0022534,           0.0012921,           0.0061984,           0.0061984,           0.0061984
                 194,            0.023632,           0.0069795,           0.0062632,             0.98991,                   1,               0.995,             0.70469,            0.007488,           0.0021166,           0.0012419,           0.0061786,           0.0061786,           0.0061786
                 195,            0.025425,           0.0089071,           0.0041314,             0.99112,                   1,               0.995,               0.699,           0.0072656,            0.002141,           0.0012017,           0.0061588,           0.0061588,           0.0061588
                 196,            0.026622,           0.0080333,           0.0051604,             0.99274,                   1,               0.995,             0.76003,           0.0067906,           0.0019948,           0.0011807,            0.006139,            0.006139,            0.006139
                 197,            0.025935,           0.0078669,           0.0069316,             0.99351,                   1,               0.995,             0.75764,           0.0061467,           0.0019775,           0.0011628,           0.0061192,           0.0061192,           0.0061192
                 198,            0.023574,           0.0066752,           0.0048918,              0.9955,                   1,               0.995,             0.76827,           0.0070934,           0.0019932,           0.0011361,           0.0060994,           0.0060994,           0.0060994
                 199,             0.02594,            0.007843,            0.012633,             0.99672,                   1,               0.995,              0.7261,           0.0065257,            0.001982,           0.0011209,           0.0060796,           0.0060796,           0.0060796
                 200,            0.025895,            0.007328,           0.0061935,             0.99664,                   1,               0.995,             0.80385,           0.0060173,           0.0019702,           0.0011209,           0.0060598,           0.0060598,           0.0060598
                 201,            0.023662,           0.0072938,            0.027573,             0.99713,                   1,               0.995,             0.80431,           0.0066439,           0.0019826,           0.0011197,             0.00604,             0.00604,             0.00604
                 202,            0.024477,           0.0078916,           0.0046609,               0.997,                   1,               0.995,             0.85976,           0.0060856,           0.0019595,           0.0011304,           0.0060202,           0.0060202,           0.0060202
                 203,            0.026307,           0.0077701,           0.0068068,             0.99667,                   1,               0.995,             0.82663,           0.0063856,           0.0019641,           0.0011357,           0.0060004,           0.0060004,           0.0060004
                 204,            0.023647,           0.0081625,            0.011009,             0.99651,                   1,               0.995,             0.72063,           0.0068963,           0.0020144,           0.0011489,           0.0059806,           0.0059806,           0.0059806
                 205,            0.028793,           0.0078965,           0.0041384,             0.99662,                   1,               0.995,             0.87025,           0.0059575,           0.0019485,            0.001147,           0.0059608,           0.0059608,           0.0059608
                 206,             0.02199,           0.0075001,           0.0044023,             0.99602,                   1,               0.995,              0.7974,           0.0064571,           0.0020486,            0.001162,            0.005941,            0.005941,            0.005941
                 207,            0.022549,           0.0070596,           0.0058314,             0.99567,                   1,               0.995,              0.8553,           0.0053404,           0.0021674,           0.0011645,           0.0059212,           0.0059212,           0.0059212
                 208,            0.025393,           0.0087904,           0.0061685,             0.99582,                   1,               0.995,             0.75825,           0.0068367,           0.0023252,           0.0011748,           0.0059014,           0.0059014,           0.0059014
                 209,             0.02579,            0.007439,            0.005668,              0.9952,                   1,               0.995,             0.70873,           0.0079669,           0.0022916,           0.0011606,           0.0058816,           0.0058816,           0.0058816
                 210,            0.021656,           0.0066843,           0.0080297,             0.99603,                   1,               0.995,             0.82256,           0.0059144,            0.002029,           0.0011472,           0.0058618,           0.0058618,           0.0058618
                 211,            0.020417,           0.0067697,           0.0035652,             0.99684,                   1,               0.995,             0.82843,           0.0065536,           0.0020031,           0.0011333,            0.005842,            0.005842,            0.005842
                 212,            0.028279,           0.0077611,           0.0052849,             0.99697,                   1,               0.995,             0.78014,           0.0056573,           0.0019149,            0.001127,           0.0058222,           0.0058222,           0.0058222
                 213,            0.027621,           0.0075668,           0.0052789,             0.99676,                   1,               0.995,             0.77029,            0.007019,            0.001991,           0.0011106,           0.0058024,           0.0058024,           0.0058024
                 214,            0.021212,           0.0069516,            0.005454,             0.99684,                   1,               0.995,             0.77293,           0.0070744,           0.0019578,           0.0011221,           0.0057826,           0.0057826,           0.0057826
                 215,            0.026675,           0.0066231,           0.0059161,             0.99604,                   1,               0.995,             0.82614,           0.0055357,           0.0019171,           0.0011448,           0.0057628,           0.0057628,           0.0057628
                 216,            0.021645,           0.0074036,           0.0046822,              0.9962,                   1,               0.995,             0.75771,           0.0069155,           0.0019836,           0.0012153,            0.005743,            0.005743,            0.005743
                 217,             0.03079,           0.0061337,           0.0059462,             0.99413,                   1,               0.995,             0.81292,            0.005508,           0.0019297,           0.0012852,           0.0057232,           0.0057232,           0.0057232
                 218,            0.020664,           0.0067233,            0.005286,             0.99345,                   1,               0.995,             0.76633,           0.0069702,           0.0021074,           0.0012998,           0.0057034,           0.0057034,           0.0057034
                 219,            0.023142,           0.0068091,           0.0043051,             0.99509,                   1,               0.995,             0.76768,           0.0062603,           0.0020567,           0.0012026,           0.0056836,           0.0056836,           0.0056836
                 220,             0.02538,           0.0097461,           0.0047094,             0.99505,                   1,               0.995,             0.80646,           0.0071811,           0.0020769,           0.0012032,           0.0056638,           0.0056638,           0.0056638
                 221,            0.024071,           0.0083516,           0.0036795,             0.99482,                   1,               0.995,              0.7997,           0.0070779,           0.0020748,            0.001223,            0.005644,            0.005644,            0.005644
                 222,            0.026513,           0.0084047,           0.0046778,              0.9952,                   1,               0.995,             0.75642,           0.0058932,           0.0019638,           0.0012344,           0.0056242,           0.0056242,           0.0056242
                 223,            0.024966,           0.0069574,           0.0068463,             0.99583,                   1,               0.995,             0.82245,           0.0060613,           0.0019455,           0.0012046,           0.0056044,           0.0056044,           0.0056044
                 224,            0.024208,            0.008656,           0.0062974,             0.99443,             0.98297,               0.995,             0.79266,           0.0062087,           0.0020236,           0.0014113,           0.0055846,           0.0055846,           0.0055846
                 225,            0.025458,           0.0059921,           0.0033862,             0.98611,             0.99642,               0.995,             0.77114,            0.006619,           0.0020842,           0.0013801,           0.0055648,           0.0055648,           0.0055648
                 226,            0.024894,           0.0063875,           0.0063837,             0.99028,             0.98149,               0.995,             0.79034,           0.0061799,           0.0020673,           0.0015224,            0.005545,            0.005545,            0.005545
                 227,            0.024773,           0.0068012,           0.0062735,             0.99124,                   1,               0.995,             0.83839,           0.0058967,           0.0020404,           0.0013574,           0.0055252,           0.0055252,           0.0055252
                 228,            0.024656,            0.006746,           0.0071999,             0.98947,             0.99868,               0.995,             0.82031,           0.0060093,           0.0019459,           0.0014547,           0.0055054,           0.0055054,           0.0055054
                 229,            0.022009,           0.0083059,           0.0056487,              0.9936,             0.98243,               0.995,             0.78881,           0.0071869,           0.0019569,           0.0015167,           0.0054856,           0.0054856,           0.0054856
                 230,              0.0225,           0.0080584,           0.0044167,             0.98263,             0.99282,               0.995,             0.79159,           0.0066748,           0.0019506,           0.0015195,           0.0054658,           0.0054658,           0.0054658
                 231,            0.025882,           0.0066348,           0.0052793,             0.99158,                   1,               0.995,             0.79713,           0.0060023,           0.0019229,           0.0013339,            0.005446,            0.005446,            0.005446
                 232,            0.023125,           0.0084496,           0.0039068,             0.99236,                   1,               0.995,             0.78366,           0.0057017,           0.0018868,           0.0012672,           0.0054262,           0.0054262,           0.0054262
                 233,            0.022733,           0.0074612,           0.0038589,             0.99433,                   1,               0.995,             0.76124,           0.0062099,           0.0019192,           0.0011922,           0.0054064,           0.0054064,           0.0054064
                 234,            0.025179,           0.0072854,           0.0042237,             0.99626,                   1,               0.995,              0.8162,            0.005614,           0.0018811,           0.0011385,           0.0053866,           0.0053866,           0.0053866
                 235,            0.022219,           0.0075932,           0.0049569,              0.9964,                   1,               0.995,             0.80685,           0.0060993,           0.0019201,           0.0010842,           0.0053668,           0.0053668,           0.0053668
                 236,            0.023295,           0.0070489,           0.0043572,             0.99571,                   1,               0.995,             0.82526,           0.0063229,           0.0019325,            0.001082,            0.005347,            0.005347,            0.005347
                 237,            0.026923,           0.0057688,           0.0065747,              0.9959,                   1,               0.995,             0.85568,           0.0051931,           0.0017962,           0.0010676,           0.0053272,           0.0053272,           0.0053272
                 238,            0.020921,            0.006748,           0.0062621,             0.99593,                   1,               0.995,             0.86616,           0.0053721,           0.0018007,           0.0010613,           0.0053074,           0.0053074,           0.0053074
                 239,            0.025234,           0.0059863,           0.0039994,             0.99587,                   1,               0.995,             0.79921,           0.0064012,           0.0018558,           0.0010396,           0.0052876,           0.0052876,           0.0052876
                 240,            0.024391,           0.0083664,           0.0062766,             0.99615,                   1,               0.995,             0.84623,           0.0049372,           0.0017437,           0.0010489,           0.0052678,           0.0052678,           0.0052678
                 241,            0.022526,           0.0067278,           0.0042614,              0.9967,                   1,               0.995,             0.86647,           0.0051907,           0.0017281,           0.0010378,            0.005248,            0.005248,            0.005248
                 242,            0.018512,           0.0049664,           0.0032036,             0.99598,                   1,               0.995,             0.84891,           0.0055454,           0.0017954,            0.001021,           0.0052282,           0.0052282,           0.0052282
                 243,             0.02056,           0.0054814,           0.0046158,             0.99583,                   1,               0.995,             0.81487,           0.0057972,           0.0017758,           0.0010248,           0.0052084,           0.0052084,           0.0052084
                 244,            0.020875,           0.0062678,            0.013139,             0.99579,                   1,               0.995,             0.85581,           0.0047577,            0.001736,           0.0010254,           0.0051886,           0.0051886,           0.0051886
                 245,            0.021684,           0.0079026,           0.0036097,             0.99573,                   1,               0.995,             0.78996,           0.0056621,           0.0017968,           0.0010098,           0.0051688,           0.0051688,           0.0051688
                 246,             0.01981,           0.0074501,           0.0073571,             0.99608,                   1,               0.995,               0.756,            0.005503,            0.001776,          0.00099808,            0.005149,            0.005149,            0.005149
                 247,            0.024093,           0.0070329,           0.0038338,             0.99598,                   1,               0.995,             0.84457,           0.0050612,           0.0017529,          0.00099382,           0.0051292,           0.0051292,           0.0051292
                 248,            0.017215,           0.0068327,           0.0041388,             0.99622,                   1,               0.995,             0.81206,           0.0050557,           0.0017266,          0.00098653,           0.0051094,           0.0051094,           0.0051094
                 249,             0.02359,           0.0063551,           0.0045295,             0.99664,                   1,               0.995,              0.7802,           0.0059971,           0.0018396,          0.00098774,           0.0050896,           0.0050896,           0.0050896
                 250,            0.022258,           0.0081278,            0.004876,              0.9968,                   1,               0.995,             0.81033,           0.0054202,             0.00176,          0.00097984,           0.0050698,           0.0050698,           0.0050698
                 251,            0.022339,            0.006248,           0.0042451,             0.99665,                   1,               0.995,             0.79545,           0.0061352,           0.0018134,          0.00097619,             0.00505,             0.00505,             0.00505
                 252,            0.026108,           0.0064403,           0.0051633,             0.99636,                   1,               0.995,             0.81075,           0.0046976,            0.001695,          0.00096302,           0.0050302,           0.0050302,           0.0050302
                 253,            0.016966,           0.0049296,            0.005054,              0.9965,                   1,               0.995,              0.8577,            0.005326,           0.0017183,          0.00096282,           0.0050104,           0.0050104,           0.0050104
                 254,            0.023545,           0.0084604,           0.0034059,             0.99681,                   1,               0.995,             0.80765,           0.0059855,            0.001752,           0.0009541,           0.0049906,           0.0049906,           0.0049906
                 255,            0.021732,           0.0056946,           0.0029874,              0.9967,                   1,               0.995,             0.77135,           0.0061915,           0.0018485,          0.00097498,           0.0049708,           0.0049708,           0.0049708
                 256,            0.020925,            0.006994,           0.0047194,             0.99616,                   1,               0.995,             0.80808,           0.0054941,           0.0018252,          0.00096788,            0.004951,            0.004951,            0.004951
                 257,            0.024249,           0.0084681,           0.0049776,             0.99582,                   1,               0.995,             0.80404,           0.0056739,           0.0019165,          0.00097559,           0.0049312,           0.0049312,           0.0049312
                 258,            0.021506,           0.0072888,           0.0046345,             0.99568,                   1,               0.995,             0.78638,            0.006678,           0.0019364,          0.00095998,           0.0049114,           0.0049114,           0.0049114
                 259,             0.02282,           0.0077855,           0.0065808,             0.99578,                   1,               0.995,             0.83995,           0.0051568,           0.0017522,          0.00096687,           0.0048916,           0.0048916,           0.0048916
                 260,            0.020623,           0.0056679,           0.0058037,             0.99629,                   1,               0.995,             0.80835,           0.0059794,           0.0017427,          0.00096444,           0.0048718,           0.0048718,           0.0048718
                 261,             0.02252,           0.0077409,           0.0076443,             0.99573,                   1,               0.995,             0.84199,           0.0053487,            0.001729,          0.00097477,            0.004852,            0.004852,            0.004852
                 262,            0.021001,           0.0076713,           0.0062027,             0.99573,                   1,               0.995,             0.81103,            0.006582,           0.0017873,          0.00096343,           0.0048322,           0.0048322,           0.0048322
                 263,            0.026871,           0.0071875,           0.0042187,             0.99568,                   1,               0.995,             0.83308,            0.005062,            0.001722,          0.00098531,           0.0048124,           0.0048124,           0.0048124
                 264,            0.020159,           0.0066816,           0.0040233,               0.996,                   1,               0.995,             0.83362,           0.0056665,           0.0017578,          0.00097862,           0.0047926,           0.0047926,           0.0047926
                 265,            0.022497,           0.0066652,           0.0044009,             0.99653,                   1,               0.995,             0.82309,           0.0063108,           0.0018595,           0.0009922,           0.0047728,           0.0047728,           0.0047728
                 266,            0.019975,           0.0064137,           0.0041459,             0.99636,                   1,               0.995,             0.83092,           0.0050102,           0.0017032,          0.00097498,            0.004753,            0.004753,            0.004753
                 267,            0.020857,           0.0067318,           0.0032887,             0.99653,                   1,               0.995,             0.77147,           0.0062679,           0.0018314,          0.00098187,           0.0047332,           0.0047332,           0.0047332
                 268,            0.020616,           0.0073614,           0.0048347,             0.99659,                   1,               0.995,             0.86513,           0.0050581,           0.0017363,          0.00096626,           0.0047134,           0.0047134,           0.0047134
                 269,            0.021928,           0.0076208,           0.0045994,             0.99633,                   1,               0.995,             0.75316,           0.0068981,           0.0018591,          0.00098916,           0.0046936,           0.0046936,           0.0046936
                 270,             0.02152,           0.0069193,            0.005077,             0.99699,                   1,               0.995,             0.85315,           0.0046331,           0.0017074,          0.00098268,           0.0046738,           0.0046738,           0.0046738
                 271,            0.022521,            0.008675,           0.0089172,             0.99685,                   1,               0.995,             0.81915,           0.0055241,           0.0017783,          0.00098916,            0.004654,            0.004654,            0.004654
                 272,            0.024504,           0.0069203,           0.0051264,              0.9971,                   1,               0.995,             0.83247,           0.0048865,           0.0017204,          0.00096768,           0.0046342,           0.0046342,           0.0046342
                 273,            0.020493,           0.0082055,           0.0055783,             0.99606,                   1,               0.995,             0.82245,           0.0052603,           0.0017579,           0.0009847,           0.0046144,           0.0046144,           0.0046144
                 274,            0.021264,            0.006912,            0.003913,             0.99619,                   1,               0.995,             0.78958,           0.0059343,           0.0018028,          0.00096383,           0.0045946,           0.0045946,           0.0045946
                 275,            0.019328,           0.0070523,           0.0032773,             0.99614,                   1,               0.995,             0.84418,           0.0055036,           0.0017937,          0.00097721,           0.0045748,           0.0045748,           0.0045748
                 276,            0.022811,           0.0069204,           0.0034233,              0.9962,                   1,               0.995,             0.80164,           0.0048027,           0.0017423,          0.00096099,            0.004555,            0.004555,            0.004555
                 277,            0.019733,           0.0057644,           0.0041247,             0.99666,                   1,               0.995,             0.81235,           0.0056916,           0.0018323,          0.00097518,           0.0045352,           0.0045352,           0.0045352
                 278,            0.021047,           0.0073572,           0.0046735,             0.99651,                   1,               0.995,             0.85225,           0.0047779,           0.0017588,          0.00096363,           0.0045154,           0.0045154,           0.0045154
                 279,            0.022111,           0.0072942,           0.0049626,             0.99633,                   1,               0.995,             0.84805,           0.0055578,           0.0018391,          0.00095694,           0.0044956,           0.0044956,           0.0044956
                 280,            0.018733,           0.0062613,            0.006656,             0.99645,                   1,               0.995,             0.85445,           0.0047442,            0.001751,          0.00093627,           0.0044758,           0.0044758,           0.0044758
                 281,            0.025565,           0.0094271,           0.0057619,             0.99705,                   1,               0.995,             0.83833,           0.0047371,           0.0017419,          0.00092674,            0.004456,            0.004456,            0.004456
                 282,             0.01768,           0.0076474,           0.0030431,             0.99658,                   1,               0.995,              0.8735,           0.0053226,           0.0017842,          0.00091459,           0.0044362,           0.0044362,           0.0044362
                 283,            0.021754,           0.0062173,           0.0032639,             0.99656,                   1,               0.995,             0.79586,           0.0053432,           0.0017912,           0.0009083,           0.0044164,           0.0044164,           0.0044164
                 284,             0.01893,           0.0071135,           0.0039337,             0.99711,                   1,               0.995,             0.86182,           0.0049135,           0.0017294,          0.00090729,           0.0043966,           0.0043966,           0.0043966
                 285,            0.018134,           0.0060217,           0.0046122,             0.99708,                   1,               0.995,             0.81605,           0.0052058,           0.0016891,          0.00090486,           0.0043768,           0.0043768,           0.0043768
                 286,            0.021563,           0.0069532,           0.0032513,             0.99713,                   1,               0.995,             0.82016,           0.0052473,           0.0016908,          0.00091256,            0.004357,            0.004357,            0.004357
                 287,            0.024044,           0.0056951,            0.010149,             0.99712,                   1,               0.995,             0.85024,           0.0046057,           0.0016279,          0.00090141,           0.0043372,           0.0043372,           0.0043372
                 288,            0.019628,            0.007176,           0.0071773,             0.99711,                   1,               0.995,              0.8293,           0.0050726,           0.0016644,          0.00089999,           0.0043174,           0.0043174,           0.0043174
                 289,            0.024403,           0.0074027,           0.0047543,             0.99666,                   1,               0.995,             0.85261,           0.0056613,           0.0016803,           0.0008854,           0.0042976,           0.0042976,           0.0042976
                 290,            0.021107,           0.0077294,           0.0039625,             0.99694,                   1,               0.995,             0.84539,           0.0042818,           0.0016109,          0.00089635,           0.0042778,           0.0042778,           0.0042778
                 291,            0.017666,           0.0059996,           0.0035111,             0.99688,                   1,               0.995,             0.84543,           0.0049134,           0.0016235,           0.0008775,            0.004258,            0.004258,            0.004258
                 292,            0.020865,           0.0050057,            0.003123,             0.99688,                   1,               0.995,             0.76816,           0.0059869,           0.0017054,          0.00087912,           0.0042382,           0.0042382,           0.0042382
                 293,            0.021984,           0.0066473,           0.0032892,             0.99686,                   1,               0.995,             0.86337,           0.0046056,           0.0015916,          0.00087284,           0.0042184,           0.0042184,           0.0042184
                 294,            0.020379,           0.0068265,           0.0034835,             0.99647,                   1,               0.995,             0.80476,           0.0058663,           0.0016979,          0.00087365,           0.0041986,           0.0041986,           0.0041986
                 295,            0.020713,           0.0066159,           0.0055078,             0.99616,                   1,               0.995,             0.86443,           0.0044453,           0.0015708,          0.00086777,           0.0041788,           0.0041788,           0.0041788
                 296,             0.01562,           0.0056986,           0.0045509,             0.99617,                   1,               0.995,             0.84728,            0.004626,           0.0015649,          0.00087122,            0.004159,            0.004159,            0.004159
                 297,            0.020012,           0.0072697,           0.0032231,             0.99593,                   1,               0.995,              0.8173,           0.0061746,           0.0016707,          0.00086433,           0.0041392,           0.0041392,           0.0041392
                 298,            0.025521,            0.007924,           0.0065456,             0.99591,                   1,               0.995,             0.85502,            0.004667,            0.001571,          0.00087385,           0.0041194,           0.0041194,           0.0041194
                 299,            0.021295,           0.0073888,           0.0055716,             0.99599,                   1,               0.995,             0.85637,           0.0050852,           0.0016078,          0.00086818,           0.0040996,           0.0040996,           0.0040996
                 300,             0.01965,           0.0065334,           0.0038131,             0.99617,                   1,               0.995,             0.83064,           0.0047369,           0.0015643,           0.0008625,           0.0040798,           0.0040798,           0.0040798
                 301,            0.018322,           0.0054837,           0.0066007,             0.99619,                   1,               0.995,             0.86106,           0.0042238,           0.0015552,          0.00086473,             0.00406,             0.00406,             0.00406
                 302,            0.017349,           0.0066344,           0.0047222,             0.99634,                   1,               0.995,             0.75934,           0.0063717,           0.0017371,          0.00086129,           0.0040402,           0.0040402,           0.0040402
                 303,            0.022368,           0.0071385,           0.0047432,             0.99636,                   1,               0.995,             0.85011,           0.0048449,           0.0016082,          0.00086575,           0.0040204,           0.0040204,           0.0040204
                 304,             0.01787,           0.0062012,           0.0032561,             0.99659,                   1,               0.995,             0.83627,           0.0050533,           0.0016145,          0.00086858,           0.0040006,           0.0040006,           0.0040006
                 305,              0.0201,           0.0052041,           0.0030015,             0.99659,                   1,               0.995,             0.84988,           0.0048594,           0.0015896,          0.00085946,           0.0039808,           0.0039808,           0.0039808
                 306,            0.018567,           0.0071301,            0.006205,             0.99663,                   1,               0.995,             0.84762,           0.0048326,           0.0015915,          0.00085561,            0.003961,            0.003961,            0.003961
                 307,            0.020392,           0.0072592,           0.0050313,             0.99668,                   1,               0.995,             0.84013,           0.0049515,           0.0015816,          0.00084589,           0.0039412,           0.0039412,           0.0039412
                 308,            0.019797,            0.006034,           0.0035385,             0.99709,                   1,               0.995,             0.81987,           0.0052981,           0.0016521,          0.00084974,           0.0039214,           0.0039214,           0.0039214
                 309,            0.017343,           0.0053781,           0.0032906,              0.9973,                   1,               0.995,             0.81553,           0.0054193,           0.0016701,          0.00084183,           0.0039016,           0.0039016,           0.0039016
                 310,            0.022709,           0.0082146,           0.0049726,             0.99708,                   1,               0.995,              0.8432,           0.0044991,            0.001665,          0.00084953,           0.0038818,           0.0038818,           0.0038818
                 311,            0.018444,           0.0068319,           0.0052923,             0.99677,                   1,               0.995,             0.82784,           0.0049604,           0.0017008,          0.00084426,            0.003862,            0.003862,            0.003862
                 312,            0.018025,            0.008154,            0.005065,              0.9969,                   1,               0.995,             0.84692,            0.004515,            0.001647,          0.00084041,           0.0038422,           0.0038422,           0.0038422
                 313,              0.0207,           0.0059842,           0.0048909,             0.99718,                   1,               0.995,             0.81421,            0.005608,           0.0017121,          0.00083028,           0.0038224,           0.0038224,           0.0038224
                 314,            0.020773,           0.0062522,           0.0041662,             0.99702,                   1,               0.995,             0.86612,           0.0041699,           0.0016228,          0.00083981,           0.0038026,           0.0038026,           0.0038026
                 315,            0.017449,           0.0049087,            0.003042,             0.99679,                   1,               0.995,             0.77855,           0.0064657,           0.0017787,          0.00083474,           0.0037828,           0.0037828,           0.0037828
                 316,            0.020375,           0.0077417,           0.0022196,             0.99674,                   1,               0.995,             0.85736,           0.0041967,           0.0015956,          0.00084163,            0.003763,            0.003763,            0.003763
                 317,            0.018015,            0.006466,             0.00342,             0.99722,                   1,               0.995,             0.80035,           0.0055226,           0.0016956,          0.00083494,           0.0037432,           0.0037432,           0.0037432
                 318,             0.01892,             0.00659,           0.0027219,             0.99719,                   1,               0.995,             0.86737,           0.0042535,           0.0016264,           0.0008392,           0.0037234,           0.0037234,           0.0037234
                 319,            0.021322,           0.0065555,           0.0031488,              0.9973,                   1,               0.995,             0.81802,           0.0051437,           0.0016879,           0.0008317,           0.0037036,           0.0037036,           0.0037036
                 320,            0.020118,           0.0057625,           0.0024908,              0.9972,                   1,               0.995,             0.82723,           0.0046734,           0.0016869,          0.00084102,           0.0036838,           0.0036838,           0.0036838
                 321,            0.018421,           0.0063294,           0.0043663,             0.99717,                   1,               0.995,             0.85904,           0.0048318,            0.001692,           0.0008392,            0.003664,            0.003664,            0.003664
                 322,            0.017961,           0.0051353,           0.0035982,              0.9972,                   1,               0.995,             0.87384,           0.0047063,            0.001657,          0.00084386,           0.0036442,           0.0036442,           0.0036442
                 323,            0.020359,           0.0052424,           0.0035006,             0.99736,                   1,               0.995,             0.87088,           0.0044876,           0.0016092,          0.00083899,           0.0036244,           0.0036244,           0.0036244
                 324,            0.018814,           0.0064414,           0.0028826,             0.99731,                   1,               0.995,             0.86653,           0.0044588,           0.0016113,          0.00084467,           0.0036046,           0.0036046,           0.0036046
                 325,            0.019867,           0.0067151,           0.0032621,              0.9973,                   1,               0.995,             0.87807,           0.0043137,           0.0015923,          0.00084264,           0.0035848,           0.0035848,           0.0035848
                 326,            0.016627,            0.005703,           0.0026279,             0.99714,                   1,               0.995,             0.86425,           0.0044314,           0.0015906,          0.00084649,            0.003565,            0.003565,            0.003565
                 327,            0.017785,           0.0076052,           0.0039926,             0.99707,                   1,               0.995,             0.86762,           0.0052964,           0.0016476,          0.00083859,           0.0035452,           0.0035452,           0.0035452
                 328,            0.019677,           0.0074371,            0.008819,             0.99677,                   1,               0.995,             0.86567,           0.0042486,           0.0015655,          0.00084285,           0.0035254,           0.0035254,           0.0035254
                 329,            0.018643,           0.0058683,           0.0026209,              0.9969,                   1,               0.995,             0.87697,           0.0050225,           0.0016205,           0.0008315,           0.0035056,           0.0035056,           0.0035056
                 330,            0.022016,           0.0076178,           0.0046752,             0.99712,                   1,               0.995,             0.86067,            0.004409,           0.0016034,          0.00083433,           0.0034858,           0.0034858,           0.0034858
                 331,            0.019525,           0.0071305,           0.0035796,             0.99723,                   1,               0.995,             0.85778,           0.0044126,           0.0016006,          0.00082643,            0.003466,            0.003466,            0.003466
                 332,            0.018585,           0.0069373,            0.012385,             0.99718,                   1,               0.995,             0.84571,           0.0044006,            0.001599,           0.0008242,           0.0034462,           0.0034462,           0.0034462
                 333,            0.017629,           0.0073894,           0.0030851,             0.99709,                   1,               0.995,             0.86104,           0.0043224,           0.0015723,          0.00081528,           0.0034264,           0.0034264,           0.0034264
                 334,            0.018461,           0.0079183,           0.0030371,             0.99697,                   1,               0.995,             0.86672,            0.004141,           0.0015847,          0.00081711,           0.0034066,           0.0034066,           0.0034066
                 335,            0.020011,           0.0086635,           0.0050239,             0.99663,                   1,               0.995,             0.85304,           0.0042173,           0.0015913,          0.00082096,           0.0033868,           0.0033868,           0.0033868
                 336,            0.017184,           0.0066485,           0.0031276,             0.99656,                   1,               0.995,             0.87814,           0.0042305,           0.0016151,          0.00082623,            0.003367,            0.003367,            0.003367
                 337,            0.018317,           0.0058641,           0.0031516,             0.99664,                   1,               0.995,             0.87535,           0.0044944,           0.0016599,          0.00082461,           0.0033472,           0.0033472,           0.0033472
                 338,            0.018665,           0.0059397,           0.0042713,             0.99668,                   1,               0.995,             0.84862,           0.0050992,           0.0017096,           0.0008244,           0.0033274,           0.0033274,           0.0033274
                 339,            0.018331,           0.0074857,           0.0061854,              0.9966,                   1,               0.995,             0.85888,             0.00427,           0.0016298,          0.00082461,           0.0033076,           0.0033076,           0.0033076
                 340,            0.016496,           0.0062231,           0.0026527,              0.9966,                   1,               0.995,             0.84136,           0.0046235,           0.0016317,          0.00082197,           0.0032878,           0.0032878,           0.0032878
                 341,            0.019919,           0.0074147,           0.0050096,             0.99659,                   1,               0.995,             0.85304,           0.0041154,           0.0015957,          0.00081427,            0.003268,            0.003268,            0.003268
                 342,             0.01934,           0.0073182,           0.0031577,             0.99658,                   1,               0.995,             0.83772,           0.0049115,            0.001686,          0.00081346,           0.0032482,           0.0032482,           0.0032482
                 343,            0.017124,            0.005276,            0.002437,             0.99644,                   1,               0.995,             0.85105,            0.004528,           0.0016588,          0.00080616,           0.0032284,           0.0032284,           0.0032284
                 344,            0.016901,           0.0067613,            0.002403,             0.99649,                   1,               0.995,             0.86334,            0.004254,           0.0015939,          0.00080961,           0.0032086,           0.0032086,           0.0032086
                 345,            0.020064,           0.0057409,           0.0032778,             0.99631,                   1,               0.995,             0.82165,           0.0049762,           0.0016501,          0.00079927,           0.0031888,           0.0031888,           0.0031888
                 346,            0.017502,            0.005346,            0.002524,             0.99643,                   1,               0.995,              0.8689,           0.0038992,           0.0015641,          0.00080333,            0.003169,            0.003169,            0.003169
                 347,            0.018514,           0.0058677,            0.002807,             0.99648,                   1,               0.995,             0.82814,           0.0050614,           0.0016673,          0.00079664,           0.0031492,           0.0031492,           0.0031492
                 348,            0.017511,           0.0062386,           0.0029277,             0.99662,                   1,               0.995,             0.86994,            0.004357,            0.001651,          0.00079563,           0.0031294,           0.0031294,           0.0031294
                 349,            0.018869,           0.0080829,           0.0032114,             0.99662,                   1,               0.995,             0.85771,           0.0041379,           0.0016378,          0.00079137,           0.0031096,           0.0031096,           0.0031096
                 350,            0.016192,           0.0059339,           0.0023149,             0.99649,                   1,               0.995,             0.85552,           0.0044298,           0.0016605,           0.0007861,           0.0030898,           0.0030898,           0.0030898
                 351,            0.016167,           0.0051991,            0.002186,              0.9962,                   1,               0.995,             0.85926,           0.0040899,           0.0016031,          0.00078164,             0.00307,             0.00307,             0.00307
                 352,            0.017506,           0.0061232,           0.0023506,             0.99598,                   1,               0.995,             0.84359,           0.0042642,           0.0016046,          0.00077658,           0.0030502,           0.0030502,           0.0030502
                 353,             0.01534,           0.0051652,           0.0041621,              0.9962,                   1,               0.995,             0.85476,            0.004516,           0.0016204,           0.0007709,           0.0030304,           0.0030304,           0.0030304
                 354,            0.016161,           0.0076937,           0.0019735,             0.99632,                   1,               0.995,              0.8508,           0.0043095,           0.0016246,          0.00076766,           0.0030106,           0.0030106,           0.0030106
                 355,            0.017319,           0.0071564,            0.002688,             0.99629,                   1,               0.995,             0.86013,           0.0042852,           0.0016117,            0.000763,           0.0029908,           0.0029908,           0.0029908
                 356,            0.016503,           0.0067016,           0.0021744,             0.99612,                   1,               0.995,              0.8728,           0.0044854,           0.0016361,          0.00075753,            0.002971,            0.002971,            0.002971
                 357,            0.018898,           0.0052926,           0.0024692,             0.99619,                   1,               0.995,              0.8608,           0.0040297,           0.0015806,          0.00075428,           0.0029512,           0.0029512,           0.0029512
                 358,            0.018438,           0.0059219,             0.00259,             0.99596,                   1,               0.995,             0.84248,           0.0042851,           0.0016069,          0.00074942,           0.0029314,           0.0029314,           0.0029314
                 359,            0.016229,           0.0060307,           0.0031862,             0.99597,                   1,               0.995,             0.82041,           0.0048113,           0.0016278,          0.00074618,           0.0029116,           0.0029116,           0.0029116
                 360,            0.016928,           0.0056095,           0.0028839,             0.99581,                   1,               0.995,             0.83191,             0.00464,            0.001636,          0.00074172,           0.0028918,           0.0028918,           0.0028918
                 361,            0.016083,           0.0064397,           0.0038338,             0.99576,                   1,               0.995,             0.83956,           0.0041986,           0.0016104,          0.00073909,            0.002872,            0.002872,            0.002872
                 362,            0.016511,            0.005693,           0.0033042,             0.99553,                   1,               0.995,             0.82018,           0.0050459,           0.0016916,          0.00073402,           0.0028522,           0.0028522,           0.0028522
                 363,            0.017478,            0.006135,            0.011092,             0.99595,                   1,               0.995,             0.87748,           0.0042639,           0.0016634,          0.00073199,           0.0028324,           0.0028324,           0.0028324
                 364,            0.018641,           0.0061389,           0.0032712,             0.99586,                   1,               0.995,             0.80268,           0.0048049,           0.0017106,          0.00072652,           0.0028126,           0.0028126,           0.0028126
                 365,            0.017964,           0.0056041,           0.0026529,             0.99568,                   1,               0.995,             0.88246,           0.0037229,           0.0015912,          0.00072916,           0.0027928,           0.0027928,           0.0027928
                 366,            0.015503,            0.004503,           0.0025657,              0.9955,                   1,               0.995,              0.8222,           0.0047337,           0.0016745,           0.0007251,            0.002773,            0.002773,            0.002773
                 367,            0.017215,           0.0058888,            0.019607,             0.99555,                   1,               0.995,             0.87731,           0.0039314,           0.0016075,          0.00072834,           0.0027532,           0.0027532,           0.0027532
                 368,            0.015566,           0.0056681,           0.0040781,             0.99583,                   1,               0.995,              0.8386,           0.0042041,           0.0016639,          0.00072531,           0.0027334,           0.0027334,           0.0027334
                 369,            0.017116,           0.0064041,           0.0043646,             0.99595,                   1,               0.995,             0.88477,           0.0039896,           0.0016277,          0.00071821,           0.0027136,           0.0027136,           0.0027136
                 370,            0.014538,           0.0049657,           0.0038416,             0.99625,                   1,               0.995,             0.84296,           0.0043401,           0.0016825,          0.00070848,           0.0026938,           0.0026938,           0.0026938
                 371,            0.018289,           0.0060402,           0.0027473,              0.9965,                   1,               0.995,             0.88017,           0.0041622,           0.0016516,          0.00070322,            0.002674,            0.002674,            0.002674
                 372,             0.01815,           0.0061415,            0.002688,              0.9967,                   1,               0.995,             0.81313,           0.0045877,           0.0017103,          0.00070058,           0.0026542,           0.0026542,           0.0026542
                 373,            0.018904,           0.0069997,            0.003451,             0.99683,                   1,               0.995,             0.87643,           0.0038603,           0.0016377,          0.00069937,           0.0026344,           0.0026344,           0.0026344
                 374,            0.014388,           0.0054667,           0.0018927,             0.99685,                   1,               0.995,             0.87049,           0.0041961,           0.0016421,          0.00069673,           0.0026146,           0.0026146,           0.0026146
                 375,            0.015778,           0.0051252,           0.0020825,             0.99677,                   1,               0.995,              0.8601,           0.0039541,           0.0015901,           0.0006943,           0.0025948,           0.0025948,           0.0025948
                 376,            0.016329,           0.0061496,           0.0026378,             0.99679,                   1,               0.995,             0.87534,            0.003942,           0.0015671,          0.00069491,            0.002575,            0.002575,            0.002575
                 377,            0.018271,           0.0068319,           0.0032257,             0.99701,                   1,               0.995,             0.85392,           0.0041767,           0.0015837,          0.00069592,           0.0025552,           0.0025552,           0.0025552
                 378,            0.017111,           0.0076145,           0.0026709,             0.99701,                   1,               0.995,             0.88005,           0.0040169,           0.0015607,          0.00069754,           0.0025354,           0.0025354,           0.0025354
                 379,            0.015885,           0.0053487,           0.0043564,             0.99693,                   1,               0.995,             0.88892,           0.0035883,           0.0014953,          0.00069511,           0.0025156,           0.0025156,           0.0025156
                 380,            0.014924,           0.0068299,           0.0021064,             0.99691,                   1,               0.995,             0.89996,           0.0038324,           0.0015009,          0.00069247,           0.0024958,           0.0024958,           0.0024958
                 381,            0.013893,           0.0060878,           0.0081976,             0.99675,                   1,               0.995,             0.89349,            0.003958,           0.0015123,          0.00069207,            0.002476,            0.002476,            0.002476
                 382,            0.016664,            0.006011,           0.0020494,             0.99659,                   1,               0.995,             0.86911,           0.0041426,           0.0015313,          0.00069025,           0.0024562,           0.0024562,           0.0024562
                 383,            0.015706,           0.0058157,            0.005105,             0.99633,                   1,               0.995,             0.86574,           0.0040963,           0.0015456,          0.00069166,           0.0024364,           0.0024364,           0.0024364
                 384,            0.013974,           0.0047887,           0.0032129,             0.99648,                   1,               0.995,             0.88523,           0.0038989,           0.0015536,          0.00069106,           0.0024166,           0.0024166,           0.0024166
                 385,            0.015797,           0.0082389,            0.003226,             0.99633,                   1,               0.995,             0.87155,           0.0040624,           0.0015437,          0.00068923,           0.0023968,           0.0023968,           0.0023968
                 386,            0.017954,           0.0060974,           0.0038608,             0.99631,                   1,               0.995,             0.88927,           0.0040261,           0.0015283,          0.00068741,            0.002377,            0.002377,            0.002377
                 387,            0.016888,           0.0069618,           0.0033298,             0.99639,                   1,               0.995,             0.88415,           0.0037782,           0.0014955,          0.00068761,           0.0023572,           0.0023572,           0.0023572
                 388,            0.016037,           0.0062996,           0.0031759,             0.99644,                   1,               0.995,             0.89953,           0.0041286,           0.0015131,            0.000687,           0.0023374,           0.0023374,           0.0023374
                 389,            0.014818,           0.0058604,           0.0033226,              0.9966,                   1,               0.995,              0.8851,           0.0037031,           0.0014748,            0.000687,           0.0023176,           0.0023176,           0.0023176
                 390,            0.015192,            0.006577,           0.0022306,             0.99656,                   1,               0.995,             0.90294,           0.0040442,           0.0015004,          0.00068396,           0.0022978,           0.0022978,           0.0022978
                 391,            0.014781,           0.0046288,           0.0028427,             0.99657,                   1,               0.995,              0.8814,           0.0037704,           0.0014576,          0.00068538,            0.002278,            0.002278,            0.002278
                 392,            0.015303,           0.0052329,           0.0020368,             0.99663,                   1,               0.995,             0.89087,           0.0040176,           0.0014947,          0.00068477,           0.0022582,           0.0022582,           0.0022582
                 393,            0.015837,           0.0066345,           0.0039336,             0.99676,                   1,               0.995,             0.87326,            0.003897,           0.0014971,          0.00068153,           0.0022384,           0.0022384,           0.0022384
                 394,            0.016717,           0.0067918,           0.0020019,             0.99682,                   1,               0.995,             0.89659,           0.0037237,           0.0014772,          0.00068011,           0.0022186,           0.0022186,           0.0022186
                 395,            0.016031,           0.0080207,           0.0042849,             0.99683,                   1,               0.995,               0.876,           0.0038963,           0.0014867,          0.00067363,           0.0021988,           0.0021988,           0.0021988
                 396,            0.015871,           0.0076983,           0.0022154,             0.99695,                   1,               0.995,             0.89047,           0.0040729,           0.0014876,          0.00067039,            0.002179,            0.002179,            0.002179
                 397,            0.017945,           0.0059333,           0.0036519,             0.99704,                   1,               0.995,             0.85005,           0.0041325,           0.0014744,          0.00066856,           0.0021592,           0.0021592,           0.0021592
                 398,            0.014052,           0.0062985,            0.001743,             0.99711,                   1,               0.995,             0.88601,           0.0037055,           0.0014563,          0.00066957,           0.0021394,           0.0021394,           0.0021394
                 399,            0.014544,           0.0063211,           0.0024196,             0.99717,                   1,               0.995,             0.85887,             0.00397,           0.0014648,          0.00066836,           0.0021196,           0.0021196,           0.0021196
                 400,            0.017706,           0.0062386,           0.0030838,             0.99722,                   1,               0.995,             0.88367,           0.0039676,           0.0014591,          0.00066998,           0.0020998,           0.0020998,           0.0020998
                 401,            0.016316,             0.00608,           0.0038109,             0.99715,                   1,               0.995,              0.8841,           0.0035408,            0.001409,          0.00066694,             0.00208,             0.00208,             0.00208
                 402,             0.01387,           0.0051911,           0.0022707,             0.99723,                   1,               0.995,             0.88192,           0.0036742,           0.0014419,          0.00066694,           0.0020602,           0.0020602,           0.0020602
                 403,            0.013048,           0.0058874,           0.0023808,             0.99724,                   1,               0.995,             0.88029,           0.0034624,           0.0014324,          0.00066512,           0.0020404,           0.0020404,           0.0020404
                 404,            0.015612,           0.0070928,           0.0024454,             0.99716,                   1,               0.995,             0.89095,           0.0039221,           0.0014706,          0.00066289,           0.0020206,           0.0020206,           0.0020206
                 405,            0.016255,           0.0066414,           0.0019122,             0.99708,                   1,               0.995,             0.88571,           0.0036925,           0.0014534,          0.00066005,           0.0020008,           0.0020008,           0.0020008
                 406,            0.015258,           0.0062086,           0.0021441,             0.99691,                   1,               0.995,             0.89625,           0.0034392,           0.0014205,          0.00065964,            0.001981,            0.001981,            0.001981
                 407,            0.013963,           0.0062229,           0.0032248,             0.99688,                   1,               0.995,             0.89496,           0.0036776,           0.0014439,          0.00065681,           0.0019612,           0.0019612,           0.0019612
                 408,            0.015647,           0.0049106,           0.0020508,             0.99669,                   1,               0.995,             0.90328,           0.0033276,           0.0014082,          0.00065458,           0.0019414,           0.0019414,           0.0019414
                 409,            0.014917,           0.0057968,           0.0017763,             0.99642,                   1,               0.995,             0.89899,           0.0038172,           0.0014674,          0.00065073,           0.0019216,           0.0019216,           0.0019216
                 410,            0.014388,           0.0068838,           0.0019999,              0.9961,                   1,               0.995,             0.91726,           0.0033165,           0.0014164,          0.00064485,           0.0019018,           0.0019018,           0.0019018
                 411,            0.015522,           0.0049271,           0.0018386,             0.99578,                   1,               0.995,             0.89853,           0.0035601,           0.0014341,          0.00063472,            0.001882,            0.001882,            0.001882
                 412,            0.013979,            0.006215,           0.0027887,             0.99611,                   1,               0.995,             0.90982,            0.003534,           0.0014574,          0.00063249,           0.0018622,           0.0018622,           0.0018622
                 413,            0.014365,           0.0042397,           0.0086582,             0.99635,                   1,               0.995,             0.90242,           0.0033637,           0.0014658,          0.00062925,           0.0018424,           0.0018424,           0.0018424
                 414,            0.013041,            0.005923,           0.0022765,             0.99647,                   1,               0.995,             0.89102,           0.0034446,           0.0014961,          0.00062742,           0.0018226,           0.0018226,           0.0018226
                 415,            0.014366,           0.0070944,           0.0021357,             0.99652,                   1,               0.995,             0.89075,           0.0037795,           0.0015555,          0.00062175,           0.0018028,           0.0018028,           0.0018028
                 416,             0.01548,           0.0071197,           0.0032251,             0.99651,                   1,               0.995,             0.90583,           0.0035305,             0.00152,          0.00061384,            0.001783,            0.001783,            0.001783
                 417,            0.015976,           0.0055934,             0.00288,             0.99656,                   1,               0.995,             0.89146,           0.0038208,           0.0015427,          0.00060614,           0.0017632,           0.0017632,           0.0017632
                 418,            0.014935,           0.0066901,           0.0024294,             0.99645,                   1,               0.995,             0.89502,            0.003438,           0.0014783,          0.00060533,           0.0017434,           0.0017434,           0.0017434
                 419,            0.014309,           0.0038206,           0.0015254,             0.99638,                   1,               0.995,             0.87104,           0.0039836,           0.0015379,          0.00060027,           0.0017236,           0.0017236,           0.0017236
                 420,            0.013291,           0.0060086,           0.0025745,             0.99632,                   1,               0.995,             0.90752,           0.0034184,           0.0014506,          0.00059743,           0.0017038,           0.0017038,           0.0017038
                 421,            0.014659,           0.0068747,            0.002719,             0.99623,                   1,               0.995,             0.85506,           0.0039632,           0.0014983,           0.0005954,            0.001684,            0.001684,            0.001684
                 422,            0.014225,           0.0057754,           0.0021578,             0.99622,                   1,               0.995,             0.88502,           0.0034725,           0.0014426,          0.00059459,           0.0016642,           0.0016642,           0.0016642
                 423,            0.013246,            0.006336,           0.0030058,             0.99615,                   1,               0.995,             0.86786,           0.0038082,           0.0014798,          0.00059196,           0.0016444,           0.0016444,           0.0016444
                 424,            0.013124,           0.0057539,           0.0017612,             0.99585,                   1,               0.995,             0.90117,           0.0033445,           0.0014211,          0.00058932,           0.0016246,           0.0016246,           0.0016246
                 425,            0.013194,           0.0054102,           0.0017567,             0.99565,                   1,               0.995,             0.87745,            0.003461,           0.0014229,          0.00058709,           0.0016048,           0.0016048,           0.0016048
                 426,            0.015004,           0.0058873,           0.0023116,             0.99545,                   1,               0.995,             0.90087,           0.0033809,           0.0014075,          0.00058405,            0.001585,            0.001585,            0.001585
                 427,            0.013399,            0.005516,           0.0023732,             0.99559,                   1,               0.995,             0.88031,           0.0036501,           0.0014389,          0.00058304,           0.0015652,           0.0015652,           0.0015652
                 428,            0.012552,           0.0050805,           0.0021912,             0.99567,                   1,               0.995,             0.89231,            0.003479,           0.0014209,          0.00058061,           0.0015454,           0.0015454,           0.0015454
                 429,            0.012836,           0.0048206,           0.0036501,             0.99549,                   1,               0.995,             0.88217,           0.0036227,           0.0014274,          0.00057777,           0.0015256,           0.0015256,           0.0015256
                 430,             0.01342,           0.0065858,           0.0015658,             0.99547,                   1,               0.995,             0.90314,           0.0034684,            0.001407,          0.00057473,           0.0015058,           0.0015058,           0.0015058
                 431,            0.015166,           0.0069067,           0.0032648,             0.99554,                   1,               0.995,             0.88969,           0.0035858,           0.0014304,          0.00057169,            0.001486,            0.001486,            0.001486
                 432,            0.014237,           0.0074643,            0.001772,             0.99557,                   1,               0.995,             0.90429,           0.0033154,           0.0014099,          0.00056906,           0.0014662,           0.0014662,           0.0014662
                 433,            0.014165,            0.005847,           0.0034351,             0.99563,                   1,               0.995,             0.88952,           0.0037384,           0.0014485,          0.00056338,           0.0014464,           0.0014464,           0.0014464
                 434,            0.013563,           0.0050835,           0.0017248,             0.99576,                   1,               0.995,              0.8974,           0.0034366,           0.0014126,          0.00056014,           0.0014266,           0.0014266,           0.0014266
                 435,            0.013158,            0.004892,           0.0020049,             0.99591,                   1,               0.995,             0.89525,           0.0035867,           0.0014354,          0.00055588,           0.0014068,           0.0014068,           0.0014068
                 436,            0.013039,           0.0054511,           0.0025759,             0.99597,                   1,               0.995,             0.89384,           0.0033893,           0.0014074,          0.00055416,            0.001387,            0.001387,            0.001387
                 437,            0.014433,           0.0071293,           0.0018855,              0.9959,                   1,               0.995,             0.88136,           0.0036553,           0.0014437,          0.00055173,           0.0013672,           0.0013672,           0.0013672
                 438,             0.01454,           0.0060681,           0.0018683,             0.99588,                   1,               0.995,             0.90007,           0.0034952,           0.0014133,          0.00055315,           0.0013474,           0.0013474,           0.0013474
                 439,            0.012843,           0.0061282,           0.0023059,             0.99591,                   1,               0.995,             0.89455,             0.00352,           0.0014285,          0.00055143,           0.0013276,           0.0013276,           0.0013276
                 440,            0.013152,           0.0062058,           0.0017974,             0.99595,                   1,               0.995,             0.89636,            0.003465,           0.0014381,          0.00055001,           0.0013078,           0.0013078,           0.0013078
                 441,            0.011748,             0.00469,           0.0028494,             0.99598,                   1,               0.995,             0.90973,           0.0034366,           0.0014214,           0.0005495,            0.001288,            0.001288,            0.001288
                 442,            0.010905,           0.0050411,           0.0013614,             0.99609,                   1,               0.995,             0.91467,           0.0034033,           0.0014316,          0.00054768,           0.0012682,           0.0012682,           0.0012682
                 443,            0.012232,           0.0047756,           0.0019201,             0.99618,                   1,               0.995,              0.8966,           0.0034408,            0.001444,          0.00054687,           0.0012484,           0.0012484,           0.0012484
                 444,            0.014082,           0.0044843,            0.004199,             0.99621,                   1,               0.995,             0.90357,           0.0033895,           0.0014445,          0.00054525,           0.0012286,           0.0012286,           0.0012286
                 445,            0.012211,             0.00445,           0.0021744,             0.99631,                   1,               0.995,             0.89861,            0.003381,           0.0014517,          0.00054514,           0.0012088,           0.0012088,           0.0012088
                 446,            0.012803,           0.0060581,           0.0024683,             0.99627,                   1,               0.995,             0.89468,           0.0035602,           0.0014846,          0.00054494,            0.001189,            0.001189,            0.001189
                 447,            0.016582,           0.0052521,           0.0029531,             0.99619,                   1,               0.995,              0.8824,           0.0035848,           0.0014761,           0.0005419,           0.0011692,           0.0011692,           0.0011692
                 448,            0.012652,           0.0059109,            0.002047,             0.99612,                   1,               0.995,             0.88905,           0.0034189,           0.0014499,          0.00053917,           0.0011494,           0.0011494,           0.0011494
                 449,            0.013194,           0.0046107,           0.0024919,             0.99609,                   1,               0.995,             0.88203,           0.0035555,           0.0014456,          0.00053714,           0.0011296,           0.0011296,           0.0011296
                 450,             0.01289,           0.0056087,            0.002576,             0.99596,                   1,               0.995,             0.89109,           0.0035769,           0.0014499,          0.00053582,           0.0011098,           0.0011098,           0.0011098
                 451,            0.012272,           0.0072197,           0.0017349,             0.99585,                   1,               0.995,             0.88637,           0.0036828,           0.0014533,          0.00053501,             0.00109,             0.00109,             0.00109
                 452,            0.013433,           0.0049266,           0.0022334,             0.99565,                   1,               0.995,             0.91805,           0.0033393,           0.0014079,          0.00053177,           0.0010702,           0.0010702,           0.0010702
                 453,             0.01474,           0.0053541,           0.0025892,             0.99549,                   1,               0.995,              0.8949,           0.0034618,           0.0014078,          0.00052924,           0.0010504,           0.0010504,           0.0010504
                 454,            0.017235,           0.0050457,           0.0033267,             0.99556,                   1,               0.995,             0.90562,            0.003272,           0.0013805,          0.00052853,           0.0010306,           0.0010306,           0.0010306
                 455,            0.012696,           0.0052845,           0.0026146,             0.99557,                   1,               0.995,              0.9066,           0.0032463,           0.0013748,          0.00052761,           0.0010108,           0.0010108,           0.0010108
                 456,            0.013314,           0.0055015,           0.0024391,             0.99561,                   1,               0.995,             0.89897,           0.0034109,           0.0013887,          0.00052559,            0.000991,            0.000991,            0.000991
                 457,            0.011851,            0.004536,           0.0023836,             0.99556,                   1,               0.995,              0.8877,           0.0036268,           0.0014145,          0.00052457,           0.0009712,           0.0009712,           0.0009712
                 458,            0.013314,           0.0049835,           0.0013926,             0.99548,                   1,               0.995,              0.9046,           0.0031852,           0.0013625,          0.00052194,           0.0009514,           0.0009514,           0.0009514
                 459,            0.013562,           0.0053833,           0.0042717,             0.99556,                   1,               0.995,             0.89305,            0.003206,           0.0013669,          0.00052052,           0.0009316,           0.0009316,           0.0009316
                 460,            0.013576,           0.0059392,           0.0022494,             0.99557,                   1,               0.995,             0.88706,           0.0035404,           0.0014036,          0.00051971,           0.0009118,           0.0009118,           0.0009118
                 461,            0.012203,           0.0051959,           0.0014706,             0.99571,                   1,               0.995,             0.89577,           0.0032597,           0.0013717,           0.0005186,            0.000892,            0.000892,            0.000892
                 462,            0.012444,           0.0052635,           0.0052625,             0.99562,                   1,               0.995,              0.8905,           0.0032486,           0.0013627,          0.00051647,           0.0008722,           0.0008722,           0.0008722
                 463,            0.013436,           0.0060816,           0.0015594,             0.99549,                   1,               0.995,              0.8985,           0.0031334,           0.0013565,          0.00051505,           0.0008524,           0.0008524,           0.0008524
                 464,            0.013162,           0.0044859,           0.0049119,             0.99552,                   1,               0.995,             0.90727,           0.0030803,           0.0013527,          0.00051242,           0.0008326,           0.0008326,           0.0008326
                 465,            0.012545,            0.005577,           0.0018084,             0.99563,                   1,               0.995,             0.89122,           0.0032709,           0.0013709,           0.0005111,           0.0008128,           0.0008128,           0.0008128
                 466,            0.014457,           0.0064848,           0.0017124,             0.99555,                   1,               0.995,             0.89783,           0.0031936,           0.0013577,          0.00050938,            0.000793,            0.000793,            0.000793
                 467,            0.013796,           0.0052415,           0.0017061,             0.99564,                   1,               0.995,             0.90015,           0.0031097,           0.0013496,          0.00050725,           0.0007732,           0.0007732,           0.0007732
                 468,            0.012027,             0.00541,           0.0015892,             0.99574,                   1,               0.995,             0.89888,             0.00312,           0.0013495,          0.00050593,           0.0007534,           0.0007534,           0.0007534
                 469,            0.014589,           0.0060178,           0.0018665,             0.99574,                   1,               0.995,             0.89354,           0.0032535,           0.0013705,          0.00050441,           0.0007336,           0.0007336,           0.0007336
                 470,            0.012561,           0.0051505,           0.0030011,             0.99581,                   1,               0.995,             0.90368,           0.0031262,             0.00136,          0.00050319,           0.0007138,           0.0007138,           0.0007138
                 471,            0.012573,           0.0060177,           0.0020738,             0.99588,                   1,               0.995,             0.90365,           0.0030886,           0.0013591,          0.00050188,            0.000694,            0.000694,            0.000694
                 472,            0.013405,            0.005472,           0.0024348,             0.99586,                   1,               0.995,             0.89638,           0.0031121,           0.0013643,          0.00050076,           0.0006742,           0.0006742,           0.0006742
                 473,            0.012504,           0.0037015,           0.0018347,             0.99572,                   1,               0.995,             0.90467,           0.0031281,           0.0013653,          0.00050086,           0.0006544,           0.0006544,           0.0006544
                 474,            0.012791,           0.0059492,            0.001346,             0.99569,                   1,               0.995,             0.90834,           0.0031043,           0.0013657,          0.00049985,           0.0006346,           0.0006346,           0.0006346
                 475,            0.015485,             0.00605,           0.0034092,             0.99577,                   1,               0.995,             0.90319,           0.0031243,           0.0013658,          0.00049914,           0.0006148,           0.0006148,           0.0006148
                 476,            0.011512,            0.006011,           0.0015491,             0.99576,                   1,               0.995,              0.9063,           0.0031232,           0.0013681,          0.00049863,            0.000595,            0.000595,            0.000595
                 477,            0.013117,            0.007401,           0.0030178,             0.99574,                   1,               0.995,             0.90424,           0.0031071,           0.0013705,          0.00049793,           0.0005752,           0.0005752,           0.0005752
                 478,            0.012961,           0.0064144,           0.0026542,             0.99566,                   1,               0.995,             0.90954,           0.0030859,           0.0013729,          0.00049742,           0.0005554,           0.0005554,           0.0005554
                 479,            0.013721,           0.0045143,           0.0035804,             0.99561,                   1,               0.995,             0.90479,           0.0030784,           0.0013757,           0.0004961,           0.0005356,           0.0005356,           0.0005356
                 480,            0.011629,           0.0071649,           0.0015495,              0.9956,                   1,               0.995,             0.89533,           0.0031031,           0.0013737,          0.00049499,           0.0005158,           0.0005158,           0.0005158
                 481,            0.014196,           0.0053448,            0.002256,             0.99564,                   1,               0.995,             0.89698,            0.003138,           0.0013771,          0.00049387,            0.000496,            0.000496,            0.000496
                 482,            0.011825,           0.0054054,           0.0021433,             0.99572,                   1,               0.995,             0.90569,           0.0030805,           0.0013719,          0.00049326,           0.0004762,           0.0004762,           0.0004762
                 483,            0.011834,           0.0050318,           0.0013484,             0.99573,                   1,               0.995,             0.90796,            0.003067,           0.0013704,          0.00049286,           0.0004564,           0.0004564,           0.0004564
                 484,            0.012381,           0.0038673,           0.0018179,              0.9958,                   1,               0.995,              0.9086,            0.003052,           0.0013661,          0.00049215,           0.0004366,           0.0004366,           0.0004366
                 485,            0.012813,           0.0059222,           0.0038856,             0.99583,                   1,               0.995,             0.91069,           0.0030679,            0.001368,          0.00049124,           0.0004168,           0.0004168,           0.0004168
                 486,            0.014295,           0.0059804,           0.0020412,             0.99587,                   1,               0.995,             0.91031,           0.0030665,           0.0013695,          0.00049093,            0.000397,            0.000397,            0.000397
                 487,            0.012653,           0.0064773,           0.0016823,             0.99592,                   1,               0.995,             0.91248,           0.0030633,           0.0013656,          0.00049002,           0.0003772,           0.0003772,           0.0003772
                 488,            0.012771,           0.0064675,            0.001617,             0.99598,                   1,               0.995,             0.91778,           0.0030512,           0.0013627,          0.00048901,           0.0003574,           0.0003574,           0.0003574
                 489,            0.013357,           0.0058019,           0.0019583,             0.99605,                   1,               0.995,             0.91724,            0.003069,           0.0013637,          0.00048698,           0.0003376,           0.0003376,           0.0003376
                 490,            0.014152,           0.0070129,           0.0022807,             0.99603,                   1,               0.995,             0.91706,           0.0030568,           0.0013623,          0.00048637,           0.0003178,           0.0003178,           0.0003178
                 491,            0.023613,            0.006629,            0.012149,             0.99613,                   1,               0.995,             0.91229,           0.0030925,           0.0013641,          0.00048384,            0.000298,            0.000298,            0.000298
                 492,            0.012677,           0.0063272,           0.0012714,             0.99613,                   1,               0.995,             0.89996,            0.003122,           0.0013664,          0.00048333,           0.0002782,           0.0002782,           0.0002782
                 493,            0.011816,           0.0050498,           0.0016953,             0.99606,                   1,               0.995,             0.90349,           0.0030731,           0.0013593,          0.00048364,           0.0002584,           0.0002584,           0.0002584
                 494,            0.011921,           0.0058507,           0.0023927,              0.9961,                   1,               0.995,             0.90023,           0.0030211,           0.0013497,          0.00048414,           0.0002386,           0.0002386,           0.0002386
                 495,            0.013696,           0.0056576,           0.0021264,             0.99606,                   1,               0.995,             0.91299,           0.0030044,           0.0013445,          0.00048333,           0.0002188,           0.0002188,           0.0002188
                 496,           0.0097694,           0.0043844,           0.0014737,             0.99613,                   1,               0.995,             0.90449,           0.0030156,           0.0013436,          0.00048273,            0.000199,            0.000199,            0.000199
                 497,            0.011327,           0.0063068,           0.0024612,             0.99611,                   1,               0.995,             0.90531,           0.0030323,           0.0013459,          0.00048283,           0.0001792,           0.0001792,           0.0001792
                 498,            0.012846,           0.0062164,           0.0028556,              0.9961,                   1,               0.995,             0.90789,            0.003051,           0.0013468,          0.00048303,           0.0001594,           0.0001594,           0.0001594
                 499,            0.013524,           0.0056733,           0.0015167,             0.99611,                   1,               0.995,             0.90294,           0.0030611,           0.0013477,           0.0004807,           0.0001396,           0.0001396,           0.0001396
